rank,Youtuber,subscribers,video views,video count,category,started,likes,dislikes,subscriptions
1,T-Series,"222,000,000","198,459,090,822","17,317",Music,2006,1133500766,108996368,68721570
2,YouTube Movies,"154,000,000",0,0,Film & Animation,2015,2374592731,146212528,330266021
3,Cocomelon - Nursery Rhymes,"140,000,000","135,481,339,848",786,Education,2006,2036228611,191295057,169353258
4,SET India,"139,000,000","125,764,252,686","91,271",Shows,2006,2706001344,167135365,300089105
5,Music,"116,000,000",0,0,,2013,2343381367,124531737,275445027
6,PewDiePie,"111,000,000","28,469,458,228","4,497",Gaming,2010,1748342049,66848718,233341063
7,MrBeast,"102,000,000","16,832,456,681",726,Entertainment,2012,446959353,28861678,71884130
8,✿ Kids Diana Show,"99,700,000","79,602,288,245","1,009",People & Blogs,2015,2357668583,53113138,151325391
9,Like Nastya,"99,200,000","81,963,845,811",702,People & Blogs,2016,1307963397,118820033,285456164
10,Gaming,"92,700,000",0,0,,2013,1842889671,155982027,131912463
11,WWE,"90,200,000","70,544,743,313","63,077",Sports,2007,1442528780,55649630,176395205
12,Zee Music Company,"86,700,000","49,067,711,243","6,603",Music,2014,1333567648,127691472,223580563
13,Vlad and Niki,"85,100,000","66,498,762,660",472,Entertainment,2018,1247195854,105098786,136224723
14,5-Minute Crafts,"77,100,000","23,881,457,195","5,581",Howto & Style,2016,1156978805,80951053,168877145
15,BLACKPINK,"76,200,000","24,707,415,704",397,People & Blogs,2016,1751114445,36700858,127615296
16,Sports,"75,100,000",0,0,,2013,1476753332,78328565,130348937
17,Goldmines,"74,100,000","18,533,088,438","3,968",Film & Animation,2012,884566408,49137380,250406783
18,Sony SAB,"70,600,000","82,473,581,441","56,295",Shows,2007,1878296695,58095007,225162878
19,BANGTANTV,"70,000,000","17,471,090,750","1,787",Music,2012,1644692031,28283580,116160679
20,Justin Bieber,"69,700,000","28,567,240,999",247,Music,2007,54162642,4327872,7165774
21,HYBE LABELS,"67,800,000","24,013,849,120",971,Music,2008,1497684110,31426137,131197564
22,Canal KondZilla,"65,900,000","36,576,704,790","2,313",Music,2012,45787162,2906851,8130872
23,Zee TV,"63,000,000","17,111,576,122","60,802",Entertainment,2005,1267976098,119545326,173637507
24,Shemaroo Filmi Gaane,"61,300,000","28,579,945,247","7,884",Music,2010,414724848,36848081,36639691
25,Pinkfong Baby Shark - Kids' Songs & Stories,"59,400,000","32,107,290,522","2,374",Education,2011,1324076104,46339666,144507876
26,Dude Perfect,"58,100,000","14,742,860,905",297,Sports,2009,1429244818,123816017,254822271
27,ChuChu TV Nursery Rhymes & Kids Songs,"57,700,000","39,266,652,127",506,Education,2013,1639941902,16448495,135714948
28,Movieclips,"57,600,000","58,839,819,120","39,202",Film & Animation,2006,680937964,7893366,160798763
29,Marshmello,"55,700,000","13,445,424,556",401,Entertainment,2015,447964713,28772677,88480686
30,Colors TV,"55,100,000","52,611,504,230","87,427",Shows,2008,917450572,39296095,256201358
31,Wave Music,"53,400,000","37,230,876,862","18,622",Music,2014,1057904016,47374502,276623656
32,EminemMusic,"53,000,000","23,717,869,724",140,Music,2007,2364321042,143750005,254253739
33,Aaj Tak,"52,900,000","20,204,939,173","196,497",News & Politics,2009,1137996603,31022266,135484756
34,Tips Official,"52,800,000","27,883,080,973","3,612",Music,2007,2058749758,59823112,196399427
35,T-Series Bhakti Sagar,"52,500,000","24,278,576,197","23,870",Music,2011,1003799675,53817859,245043310
36,Sony Music India,"52,400,000","24,856,641,898","3,180",Music,2009,946407987,73708921,90410711
37,Ed Sheeran,"52,200,000","27,881,781,761",253,Music,2006,535050729,35182152,52665034
38,El Reino Infantil,"51,700,000","49,895,247,456","1,309",Music,2011,691440263,25418695,117520484
39,Ariana Grande,"51,600,000","22,158,094,076",146,Music,2007,3749670062,182722719,337185180
40,LooLoo Kids - Nursery Rhymes and Children's Songs,"49,800,000","29,013,984,394",553,Music,2014,2572025161,65226116,206170082
41,YRF,"47,600,000","29,366,788,406","3,289",Film & Animation,2006,1022970214,17100669,233956847
42,Taylor Swift,"47,100,000","25,563,795,998",189,Music,2006,2078537721,167203069,320000274
43,Billie Eilish,"46,200,000","11,999,349,578",48,Music,2013,3713675064,125837384,267672404
44,JuegaGerman,"46,100,000","13,698,034,536","1,959",Gaming,2013,899296626,23380790,73107043
45,BillionSurpriseToys - English Kids Songs & Cartoon,"45,700,000","8,590,657,189",648,Education,2013,68422537,4943228,14794436
46,Infobells - Hindi,"45,600,000","25,635,591,765",476,Education,2014,969458744,63620391,110699167
47,Badabun,"45,600,000","18,567,925,780","13,814",Entertainment,2014,869222167,58226642,86783022
48,Fernanfloo,"45,100,000","9,966,728,650",541,Gaming,2011,344560115,10543716,41193285
49,Felipe Neto,"44,300,000","15,475,571,879","3,512",Entertainment,2006,2070199063,64048022,200155845
50,BRIGHT SIDE,"43,900,000","10,058,536,263","4,540",Howto & Style,2017,76204305,2276393,6692321
51,whinderssonnunes,"43,900,000","4,120,078,906",521,Comedy,2013,356581180,9141933,52770619
52,Você Sabia?,"43,300,000","7,284,075,395","1,315",Entertainment,2013,593844983,40984289,118588298
53,HolaSoyGerman.,"43,300,000","4,735,959,546",136,Entertainment,2011,2205884761,190415126,246948618
54,Katy Perry,"43,200,000","23,966,278,157",118,Music,2008,3488547006,262298868,373098933
55,SonyMusicIndiaVEVO,"42,700,000","23,991,411,417","3,309",Music,2009,120738186,9814617,16298971
56,Bad Bunny,"42,500,000","23,748,805,401",123,Music,2014,1242610013,57696692,141806677
57,Alan Walker,"42,200,000","11,731,228,995",318,Music,2012,2266854630,156111073,250683543
58,Like Nastya Show,"41,500,000","18,745,015,002",599,Entertainment,2017,1748096541,73212488,249340006
59,Get Movies,"41,300,000","28,559,341,412","3,963",Entertainment,2006,1099154175,62976495,112329056
60,A4,"41,200,000","16,717,234,472",645,Gaming,2014,715936926,38193184,69647910
61,Speed Records,"40,800,000","24,558,172,214","10,327",Music,2012,2328821037,60362675,208287881
62,ABS-CBN Entertainment,"40,600,000","47,544,242,811","179,522",People & Blogs,2008,314675775,14109145,42121011
63,elrubiusOMG,"40,400,000","7,483,116,325",705,Gaming,2011,1009779514,97690114,144542666
64,Shemaroo,"39,700,000","20,489,429,972","9,707",Entertainment,2007,1213160848,39272713,169287225
65,Rihanna,"39,600,000","20,092,128,845",79,Entertainment,2005,241063169,5313595,43461291
66,Little Baby Bum - Nursery Rhymes & Kids Songs,"39,500,000","37,136,069,429","1,989",Education,2011,1473073926,70224757,187467741
67,Luisito Comunica,"39,200,000","7,691,260,396","1,119",Comedy,2012,1801358808,146144953,187190843
68,Voot Kids,"38,800,000","17,685,426,640","3,282",Entertainment,2016,773455786,48258490,255720445
69,Маша и Медведь,"38,700,000","32,833,907,997","1,198",Film & Animation,2011,918989742,65512696,171537587
70,TheEllenShow,"38,300,000","22,335,550,787","14,404",Entertainment,2006,704859361,19082330,102745295
71,LUCCAS NETO - LUCCAS TOON,"37,800,000","20,454,693,770","1,875",People & Blogs,2014,109972284,7225766,11957689
72,Ishtar Music,"37,800,000","14,999,240,876","4,535",Trailers,2005,874766222,34216511,146946827
73,GR6 EXPLODE,"37,600,000","23,912,270,526","4,180",Music,2014,1374926931,116988824,157571813
74,XXXTENTACION,"37,600,000","9,725,253,939",126,Music,2015,2357724960,157111464,298837831
75,One Direction,"37,400,000","12,698,961,117",157,Music,2010,1288810852,35954040,241166793
76,Shakira,"37,200,000","23,715,669,906",287,People & Blogs,2005,1114484078,17626124,107435367
77,Kimberly Loaiza,"37,200,000","4,254,148,920",206,People & Blogs,2016,1400229657,19374962,178521849
78,WorkpointOfficial,"37,000,000","33,773,658,170","62,039",Entertainment,2012,566187372,24587689,40547339
79,Daddy Yankee,"36,800,000","20,479,831,396",423,Music,2011,508994793,17268463,64423254
80,Toys and Colors,"36,500,000","40,932,580,174",821,Entertainment,2016,1806518152,123110799,155728230
81,CarryMinati,"36,300,000","2,948,237,121",178,Comedy,2014,3179846077,174700887,378305338
82,News,"36,200,000",0,0,,2013,1602144450,54379562,158891073
83,Maroon 5,"36,000,000","20,838,666,788",163,Music,2006,935765539,21926296,73342991
84,shfa,"35,900,000","19,083,355,034",847,People & Blogs,2015,990451161,21243175,158001037
85,TEDx Talks,"35,900,000","6,660,397,688","185,006",Nonprofits & Activism,2009,482020672,42330783,88066581
86,shfa2 - شفا,"35,800,000","20,816,532,667","1,351",People & Blogs,2017,1456302304,46475000,127149847
87,Jkk Entertainment,"35,700,000","15,133,442,317",194,Comedy,2017,2127974481,146093871,306081850
88,Super Simple Songs - Kids Songs,"35,300,000","37,440,873,935",600,Education,2006,1154436523,95774055,100368204
89,Bruno Mars,"35,300,000","17,395,825,825",97,Music,2006,688126495,44912170,205495937
90,Ozuna,"35,200,000","21,048,440,606",137,Music,2016,2492887821,217780850,375652035
91,Masha and The Bear,"35,100,000","19,426,654,260",935,Shows,2014,1284102365,58189657,199403413
92,one31,"34,400,000","26,969,165,355","128,901",Entertainment,2013,1586942926,152441732,259130675
93,Goldmines Gaane Sune Ansune,"34,300,000","14,212,434,275","3,171",Music,2015,2703238945,59425437,343163135
94,Like Nastya ESP,"33,600,000","15,934,957,738",630,Entertainment,2017,2311057561,44357185,293562274
95,J Balvin,"33,600,000","21,489,532,517",134,Music,2011,1475684415,102238800,142215267
96,Mikecrack,"33,500,000","13,775,632,479","1,727",Gaming,2015,853224661,80932456,104974987
97,VEGETTA777,"33,400,000","14,948,682,643","7,130",Gaming,2008,2224006191,184146626,320545287
98,Ultra Bollywood,"33,400,000","15,508,274,562","9,078",Trailers,2009,2883703416,48669754,326593485
99,Markiplier,"33,300,000","18,701,808,550","5,200",Gaming,2012,273442584,9609618,80887218
100,YouTube,"33,300,000","2,725,286,912",540,News & Politics,1970,952617739,89287621,130038849
101,ABP NEWS,"33,200,000","10,421,462,788","224,455",People & Blogs,2012,1301620282,42660941,164786453
102,Total Gaming,"33,200,000","5,935,440,954","1,894",Gaming,2018,1360017958,109216701,105681381
103,Maria Clara & JP,"33,100,000","20,224,535,670",627,People & Blogs,2015,687677911,57945045,98119880
104,Desi Music Factory,"33,000,000","9,481,987,642",125,Music,2014,3267749391,178388691,295661838
105,Ryan's World,"32,900,000","51,721,734,476","2,198",Entertainment,2015,479173269,21453258,35906192
106,Geet MP3,"32,800,000","11,575,367,431",563,Music,2016,623198639,31478510,104085183
107,Sony PAL,"32,700,000","23,519,452,138","19,383",Shows,2014,115382457,3510721,16435706
108,NoCopyrightSounds,"32,700,000","10,436,881,173","1,116",Music,2011,564464608,50827318,83167885
109,SSSniperWolf,"32,500,000","20,583,922,757","3,095",Gaming,2013,784088066,39640175,130282106
110,T-Series Apna Punjab,"32,300,000","18,933,492,606","6,524",Music,2011,1470793419,131520332,151585662
111,ARY Digital HD,"32,200,000","25,304,311,207","71,075",Entertainment,2016,3348402319,65335409,350963840
112,KHANDESHI MOVIES,"32,100,000","10,676,727,914",191,Comedy,2013,1229922728,121694426,272527189
113,IndiaTV,"31,900,000","13,417,041,251","237,971",News & Politics,2006,601411044,30007150,119803985
114,HAR PAL GEO,"31,900,000","26,003,463,646","61,818",Entertainment,2008,1658950995,23730918,283940958
115,JustinBieberVEVO,"31,800,000","25,304,909,929",205,Music,2009,803850316,10789251,97497824
116,Ch3Thailand,"31,600,000","20,335,720,484","76,039",Entertainment,2014,2756953363,212722808,249710395
117,La Granja de Zenón,"31,500,000","22,808,879,757",558,Music,2013,738250420,51170497,146059421
118,GENIAL,"31,400,000","6,362,416,164","5,453",Howto & Style,2017,3242124005,266475846,191912360
119,Eros Now Music,"31,000,000","16,582,648,732","9,807",Entertainment,2007,2733730097,53261476,180521454
120,Luis Fonsi,"30,900,000","14,480,846,921",121,Entertainment,2014,279709593,3692552,96620712
121,Selena Gomez,"30,900,000","11,583,101,067",182,Film & Animation,2008,1181920007,65918203,140746093
122,Galinha Pintadinha,"30,800,000","22,858,782,418",62,Film & Animation,2006,2358519190,105858763,202068064
123,SMTOWN,"30,800,000","25,203,004,950","3,951",Music,2006,58874851,3036483,9585429
124,Mr Bean,"30,700,000","9,936,630,200","2,661",Shows,2006,1142183191,113353637,275556524
125,Bollywood Classics,"30,600,000","19,244,430,138","2,008",Music,2012,341712434,33271684,108597187
126,CVS 3D Rhymes & Kids Songs,"30,500,000","18,636,699,832",338,Education,2008,1160201482,109996828,348278931
127,Ricis Official,"30,500,000","5,134,450,983","2,003",People & Blogs,2016,3201664870,257880789,264313805
128,Trap Nation,"30,400,000","13,348,694,779","2,472",Music,2012,2326668836,97570538,233012314
129,Rajshri,"30,300,000","13,287,506,122","3,739",Music,2006,375866812,17700238,98649254
130,DisneyMusicVEVO,"30,100,000","24,693,346,235","1,771",Music,2010,915160026,54420397,147800227
131,Dream,"30,000,000","2,673,017,855",110,Gaming,2014,399981046,33897634,69961644
132,The Tonight Show Starring Jimmy Fallon,"29,900,000","16,006,240,303","7,897",Comedy,2006,1169997219,18935416,227012096
133,AH,"29,900,000","4,082,464,979","1,809",Entertainment,2014,615484667,29658187,63194834
134,Saregama Music,"29,700,000","12,147,894,890","5,718",Entertainment,2013,1476764327,25748256,290576150
135,Spinnin' Records,"29,600,000","20,075,386,002","10,826",Music,2007,1079096611,60773839,199405635
136,rezendeevil,"29,600,000","12,599,347,383","11,571",Gaming,2012,1323848779,120339276,294281445
137,Shawn Mendes,"29,500,000","11,742,431,673",132,Music,2011,668103319,53731302,77737615
138,Popular on YouTube,"29,400,000",0,0,,2013,1582215359,48266773,274103471
139,Boram Tube Vlog [보람튜브 브이로그],"29,400,000","13,109,187,449",223,Entertainment,2012,1471763498,143996128,164440460
140,BabyBus - Kids Songs and Cartoons,"29,200,000","23,790,606,514","1,825",Education,2016,218771075,15327437,38951776
141,AuronPlay,"29,200,000","3,935,938,048",404,Comedy,2006,2937246772,32129053,278897086
142,The Weeknd,"29,100,000","19,280,816,380",123,Music,2011,1386420612,45734152,179940823
143,Maluma,"28,700,000","19,638,529,002",20,Music,2018,674649550,22576605,114697401
144,Adele,"28,700,000","12,650,300,730",14,Music,2008,1235887931,20062029,201318366
145,jacksepticeye,"28,600,000","15,485,608,801","4,988",Gaming,2007,159559552,15379049,11199433
146,ImagineDragons,"28,600,000","14,307,239,074",67,Music,2009,3692649430,195869116,306319376
147,Worldwide Records Bhojpuri,"28,600,000","14,501,468,946","5,927",Music,2012,743952396,67419431,113431565
148,Ultra Music,"28,600,000","16,201,384,834","4,665",Music,2006,1660752653,64768349,180650863
149,Jingle Toons,"28,600,000","9,728,073,444",228,Film & Animation,2013,1693274460,36017677,119146869
150,ashish chanchlani vines,"28,600,000","4,054,589,048",147,Comedy,2009,690402421,36377476,73135123
151,PowerKids TV,"28,400,000","14,322,875,759","2,509",Film & Animation,2014,898887921,18207961,311785085
152,MrBeast Gaming,"28,400,000","4,943,059,589",132,Gaming,2020,167686215,9011691,9872092
153,Peppa Pig - Official Channel,"28,200,000","21,008,328,965","2,020",Film & Animation,2013,37781624,3507145,8277731
154,قناة طيور الجنة | toyoraljanahtv,"28,100,000","25,743,323,512","3,131",Entertainment,2008,516665536,29382320,46825948
155,DONA 도나,"28,100,000","18,421,172,559",160,Entertainment,2018,265103095,17360269,70541500
156,Techno Gamerz,"28,100,000","7,193,172,591",839,Gaming,2017,775949183,18698403,276019216
157,Wow Kidz,"28,000,000","14,967,441,549","3,718",Film & Animation,2015,605019918,8431682,96657567
158,Talking Tom,"28,000,000","13,908,482,957",447,Comedy,2010,3024609989,60409678,282674852
159,The Late Late Show with James Corden,"27,900,000","9,996,299,350","5,422",Entertainment,2006,1401773827,89528269,234561029
160,Little Angel: Nursery Rhymes & Kids Songs,"27,700,000","20,217,178,677","1,146",Education,2015,1428815225,26506026,287760907
161,GMANetwork,"27,600,000","26,290,731,375","114,067",Entertainment,2006,203460929,8919596,29354492
162,KAROL G,"27,400,000","14,040,459,862",121,Music,2013,863376744,51378060,76609843
163,TheDonato,"27,200,000","5,094,142,687","2,491",Entertainment,2015,3502042870,157517517,205475111
164,Vlad và Nikita,"27,100,000","17,117,316,552",405,,2018,285157833,7052392,35988422
165,Round2hell,"27,100,000","2,862,422,681",67,Comedy,2016,844201926,29244182,85180699
166,infobells - Tamil,"26,900,000","16,492,704,526",460,Education,2014,2815164088,263354597,260907045
167,Drake,"26,800,000","12,947,966,180",53,Music,2009,2236978395,158463981,342294282
168,MR. INDIAN HACKER,"26,800,000","4,592,841,527",812,Science & Technology,2012,250783422,13703885,46743855
169,Zee News,"26,700,000","12,175,851,183","144,314",News & Politics,2007,1486458734,16565601,253087459
170,ToypuddingTV,"26,600,000","15,570,902,183","2,579",Entertainment,2014,236249239,23463656,36090756
171,Genevieve's Playhouse - Learning Videos for Kids,"26,500,000","18,579,474,197",578,Education,2016,2159022391,152061985,366912320
172,Bounce Patrol - Kids Songs,"26,400,000","18,891,028,184",205,Music,2013,422938246,16292859,70923971
173,Wiz Khalifa,"26,400,000","12,528,940,373",598,Music,2008,3155594800,281271353,350824840
174,infobells - Telugu,"26,300,000","13,426,911,345",421,Education,2014,847455891,28185404,163597024
175,enchufetv,"26,300,000","10,022,194,205",994,Comedy,2011,1609801401,94916292,150593032
176,AboFlah,"26,300,000","3,589,276,436",553,Gaming,2016,2577140896,173303366,332721179
177,DanTDM,"26,200,000","18,809,615,646","3,603",Gaming,2012,815037390,24366116,135759080
178,Aditya Music,"26,100,000","22,661,822,099","19,992",Music,2008,641632738,62915782,47745469
179,Lucas and Marcus,"26,100,000","7,942,766,503",968,Entertainment,2011,2347642639,181560276,333265294
180,WORLDSTARHIPHOP,"25,900,000","19,426,357,466","6,259",Music,2008,488168945,29389327,63979302
181,व्लाद और निकिता,"25,900,000","15,750,623,413",427,,2018,1438904599,37776301,156758919
182,Michael Jackson,"25,800,000","12,588,288,710",7,Music,2005,2442305756,36261496,246297475
183,TaylorSwiftVEVO,"25,800,000","23,276,597,783",239,Music,2009,320698736,12444837,36666162
184,toycantando,"25,800,000","13,948,216,340",496,Music,2009,1682213312,130854091,240599226
185,VanossGaming,"25,700,000","14,907,579,962","1,581",Gaming,2011,1196410638,40964881,154363297
186,LosPolinesios,"25,600,000","7,086,413,849",725,People & Blogs,2012,2878583885,168570044,259338161
187,1MILLION Dance Studio,"25,500,000","7,409,442,051","4,251",Entertainment,2015,644349745,48658229,137214868
188,BB Ki Vines,"25,500,000","4,371,751,617",185,Entertainment,2015,32399955,638762,6003169
189,Renato Garcia,"25,400,000","6,901,320,769","3,648",Entertainment,2011,151386589,10850909,30349469
190,JYP Entertainment,"25,200,000","17,152,981,455","1,502",Music,2008,2821212735,51538986,257407417
191,RihannaVEVO,"25,200,000","18,089,677,017",106,Music,2009,280341024,27154301,59045382
192,Nick Jr.,"25,100,000","20,691,684,541","4,712",Film & Animation,2012,3162827393,170651843,318872931
193,Smosh,"25,000,000","10,184,035,967","1,366",Comedy,2005,608292616,14331890,68892553
194,EminemVEVO,"24,900,000","18,786,748,261",98,Music,2009,2507678108,102349696,263397101
195,Marília Mendonça,"24,900,000","16,477,333,283",114,Music,2013,3605195445,170192193,337157828
196,Beyoncé,"24,900,000","15,717,379,166",234,Music,2005,2633179445,206011141,284314655
197,Yuya,"24,900,000","2,583,410,213",672,Howto & Style,2009,399710650,30741002,35299377
198,KatyPerryVEVO,"24,800,000","22,679,485,513",171,Music,2009,938234124,61055252,108339181
199,Jess No Limit,"24,700,000","3,060,187,306","1,914",Entertainment,2017,1445325224,28232642,144771410
200,WatchMojo.com,"24,600,000","15,650,528,115","22,492",Music,2007,213465524,5046590,33107374
201,Las Ratitas,"24,600,000","9,217,427,023",217,People & Blogs,2015,1484570122,27372686,305528474
202,Nicki Minaj,"24,500,000","9,386,490,086",31,Music,2013,590989936,36609196,53052557
203,Super JoJo - Nursery Rhymes & Kids Songs,"24,400,000","831,718,833",61,,2019,1883856887,167554865,226245460
204,Goldmines Dishoom,"24,400,000","7,143,695,444","2,844",Film & Animation,2016,824328557,40426759,116668276
205,David Guetta,"24,300,000","15,959,928,823",633,Music,2009,916139067,22423727,92395462
206,Masha y el Oso,"24,300,000","11,006,209,206",840,Film & Animation,2016,2286249291,137686641,236160424
207,Aditya Movies,"24,300,000","7,908,171,009","4,274",Movies,2012,150525478,12502299,17069800
208,Netflix,"24,300,000","5,678,834,326","5,650",Entertainment,2012,2344006831,179912100,175746109
209,ZHC,"24,300,000","2,224,916,696",298,Film & Animation,2013,304302090,27183479,32855037
210,Post Malone,"24,200,000","12,492,313,399",51,Music,2011,2144672173,75087522,123599678
211,1theK (원더케이),"24,200,000","22,605,283,252","16,928",Music,2011,121583824,3338186,15181353
212,Amit Bhadana,"24,100,000","2,242,631,303",93,Entertainment,2012,663827148,59202417,69730053
213,Rans Entertainment,"24,000,000","5,688,277,632","3,060",People & Blogs,2015,2087611610,144421864,152206787
214,Chloe Ting,"24,000,000","2,735,828,023",367,Howto & Style,2011,1919635249,72914664,184521262
215,Sandeep Maheshwari,"24,000,000","1,821,164,544",513,People & Blogs,2012,1071979778,82340186,235613112
216,Raffy Tulfo in Action,"23,900,000","12,797,189,774","8,755",News & Politics,2016,1768997356,147464777,241846946
217,KSI,"23,900,000","5,898,102,699","1,242",Entertainment,2009,720497897,47083126,83367321
218,Collins Key,"23,900,000","6,368,398,946",251,Entertainment,2011,1065338781,76608053,230009957
219,James Charles,"23,900,000","3,687,600,020",406,Entertainment,2015,181324059,7937169,24236080
220,Ninja,"23,900,000","2,447,087,199","1,418",Gaming,2011,2498453329,146116071,226289335
221,Coldplay,"23,500,000","15,078,170,011",347,Music,2010,2533381099,144844355,227583668
222,Logan Paul,"23,500,000","5,889,189,870",712,Entertainment,2015,848608714,73255554,195829856
223,DJ Snake,"23,400,000","7,645,734,689",209,Music,2008,2556727492,218847584,229850244
224,Chris Brown,"23,400,000","13,630,944,140",21,Music,2006,2106901501,178962830,166205099
225,Happy Lives,"23,400,000","10,089,784,164",596,Science & Technology,2016,640474099,7040632,58697750
226,TRANS7 OFFICIAL,"23,300,000","12,454,676,964","78,951",Entertainment,2014,1613060793,124946226,151354159
227,Troom Troom,"23,200,000","9,797,581,328","1,992",Howto & Style,2015,1923801672,150596878,171412173
228,ABPLIVE,"23,200,000","6,805,551,423","146,479",People & Blogs,2017,453374243,32214096,57957745
229,Mister Max,"23,100,000","14,762,469,807","1,046",People & Blogs,2014,2271017655,177284311,144950239
230,NickyJamTV,"23,100,000","15,050,718,616",328,Music,2012,833863226,71526563,119240184
231,Shemaroo Movies,"23,000,000","5,590,554,837","2,155",Entertainment,2011,280665504,14686865,96439174
232,Sesame Street,"22,900,000","21,078,177,585","3,425",Entertainment,2006,3070752229,169457985,201678217
233,Enrique Iglesias,"22,900,000","16,539,033,540",405,Music,2007,1444013862,30648133,180469323
234,netd müzik,"22,800,000","50,658,927,334","20,482",Music,2014,537723045,24027524,44652126
235,Jelly,"22,800,000","14,239,994,409","5,667",Gaming,2014,2069879845,140550774,348612532
236,Erlania e Valentina Pontes,"22,700,000","7,556,615,404","1,117",Film & Animation,2014,674266217,54100410,63097488
237,DrossRotzank,"22,500,000","5,743,037,460","1,508",Entertainment,2006,856840575,25318626,152337465
238,Anuel AA,"22,400,000","11,627,613,226",92,Music,2016,3033977245,67973411,275767939
239,Goldmines Bollywood,"22,400,000","7,122,122,133","2,409",Film & Animation,2015,298653086,20808289,29490207
240,Miss Katy,"22,300,000","13,424,354,473",990,People & Blogs,2014,808019257,8216900,229451370
241,The Chainsmokers,"22,300,000","13,337,815,978",237,Music,2012,1334314703,34763611,181668606
242,Crazy XYZ,"22,300,000","5,869,132,761","1,085",Entertainment,2017,2204656645,27814883,147961444
243,Frost Diamond,"22,300,000","5,357,578,673","2,191",Gaming,2014,441163895,11037770,49150935
244,Mark Rober,"22,300,000","2,935,811,566",107,Science & Technology,2011,279988537,7368944,43920484
245,The Lallantop,"22,200,000","8,155,335,430","39,370",News & Politics,2015,450410337,20219200,51504501
246,Technical Guruji,"22,200,000","3,065,204,553","4,609",Science & Technology,2015,2234510861,103255498,352183504
247,GMM GRAMMY OFFICIAL,"22,100,000","24,128,528,075","13,755",Music,2010,3192198269,283095705,290049254
248,HUM TV,"22,100,000","16,656,148,835","59,428",Entertainment,2011,1903546471,106427043,159638955
249,Like Nastya AE,"22,100,000","11,179,266,145",576,Entertainment,2018,649110544,48752374,105040531
250,WB Kids,"22,100,000","9,340,794,746","1,722",People & Blogs,2015,1171260803,22690088,224927018
251,Venus Movies,"22,100,000","6,293,790,011","2,456",Entertainment,2010,1060242011,32114187,89195646
252,OneDirectionVEVO,"22,000,000","11,550,410,746",266,Music,2010,1161707630,85112404,147975343
253,Smile Family,"22,000,000","8,261,468,075",413,People & Blogs,2018,369735412,5454468,77980742
254,mmoshaya,"21,900,000","16,356,422,375","1,139",People & Blogs,2010,3118429708,167752151,299642639
255,Lady Gaga,"21,900,000","13,835,267,771",172,People & Blogs,2008,2402557297,153627218,174873335
256,White Hill Music,"21,700,000","9,719,487,276","5,094",Entertainment,2014,1336336415,85783587,117625210
257,Paulo Londra,"21,700,000","7,061,442,001",52,Music,2016,2525211290,30464030,228047961
258,America's Got Talent,"21,700,000","4,016,933,296","2,751",Entertainment,2006,181032293,7058398,18767081
259,TED,"21,700,000","2,370,380,465","4,005",People & Blogs,2006,271564306,18271975,26257969
260,Sia,"21,600,000","12,150,226,022",144,Music,2007,1221521039,28595778,150218026
261,Diana and Roma ARA,"21,600,000","9,790,033,957",503,,2019,308809913,22415711,73276911
262,Wave Music Bhojpuri,"21,500,000","12,148,385,591","21,294",Music,2014,855736454,66005749,150952012
263,Peppa Pig Español Latino - Canal Oficial,"21,500,000","6,961,098,158",949,Film & Animation,2014,1361801871,133970291,182376448
264,FaZe Rug,"21,500,000","6,009,951,177","1,997",Gaming,2012,865643431,25004785,66660747
265,Goldmines Movies,"21,400,000","4,575,205,400","4,025",Film & Animation,2013,816201055,68774537,198411449
266,Pen Movies,"21,200,000","5,588,648,749","1,569",Film & Animation,2014,664936732,37786154,168817890
267,nigahiga,"21,200,000","4,357,416,327",403,Entertainment,2006,1603149464,69915967,311068436
268,BabyBus - Canciones Infantiles & Cuentos,"21,100,000","11,922,457,689",973,Education,2018,99399192,2088765,13863231
269,Enaldinho,"21,100,000","7,382,859,153","2,908",Comedy,2012,584669257,44549169,72254430
270,SSundee,"21,000,000","12,022,708,572","3,067",Gaming,2009,307588769,9605131,52801597
271,Tasty,"21,000,000","5,508,445,771","4,310",Howto & Style,2016,2570347316,111624992,220416168
272,FGTeeV,"20,900,000","22,567,064,225","1,594",Gaming,2013,1877700275,29346202,190910905
273,Dua Lipa,"20,900,000","9,928,011,592",164,Music,2011,289418534,23767924,25291403
274,5-Minute Crafts DIY,"20,900,000","4,934,552,904","3,961",Howto & Style,2018,3388667593,267680907,351595926
275,Juan De Dios Pantoja,"20,900,000","1,601,142,353",175,Entertainment,2014,801718357,60950978,87652737
276,Indosiar,"20,800,000","10,126,082,404","58,623",Music,2013,2125918688,78552516,155636762
277,Like Nastya PRT,"20,800,000","10,441,789,042",529,Entertainment,2019,538324875,13788226,88628106
278,Preston,"20,800,000","6,955,897,177","3,861",Gaming,2012,1365178930,91985474,186756426
279,Baim Paula,"20,800,000","4,254,648,656","1,957",People & Blogs,2016,2343216523,128068439,136361972
280,Charlie Puth,"20,700,000","8,609,202,215",132,Music,2009,748724188,19498815,110560722
281,Canal Canalha,"20,700,000","1,834,293,432",291,Comedy,2011,700134437,50222053,135283257
282,MrBeast en Español,"20,700,000","2,290,112,686",72,Entertainment,2021,559854332,55538321,43668654
283,Goldmines Cineplex,"20,600,000","1,796,017,693","2,474",Film & Animation,2015,215623069,16656830,60803390
284,Brent Rivera,"20,500,000","4,655,819,045",484,Comedy,2009,108576260,8316808,7678638
285,Kids TV - Nursery Rhymes And Baby Songs,"20,400,000","11,747,446,967","3,367",Shows,2013,1328518116,126910874,138736613
286,Disney Latinoamérica,"20,400,000","19,296,050,086","7,811",Entertainment,2007,2341616468,66184087,223533607
287,Becky G,"20,400,000","9,552,800,638",73,Music,2011,2510577354,152892897,270359576
288,Family GamesTV,"20,400,000","7,061,690,830",277,Entertainment,2016,795910228,78133077,83874433
289,Jake Paul,"20,400,000","7,219,140,294",934,People & Blogs,2013,3196965216,79529209,264931341
290,National Geographic,"20,400,000","5,199,519,260","9,854",Science & Technology,2006,1617506356,118114643,203970997
291,Tekashi 6ix9ine,"20,400,000","5,325,195,339",25,People & Blogs,2018,1853167155,116236042,147230989
292,BuzzFeedVideo,"20,300,000","17,755,714,250","7,347",People & Blogs,2011,1329301460,83457690,294433393
293,Brave Wilderness,"20,300,000","4,606,459,332",718,Pets & Animals,2014,648492000,47203963,76642020
294,D Billions,"20,200,000","21,872,499,520",429,,2019,1155844652,108262793,244732154
295,Avicii,"20,200,000","9,499,913,181",149,Music,2009,1693714815,136229504,144115264
296,REACT,"20,100,000","12,940,702,514","3,885",Entertainment,2007,414955846,6246018,100745672
297,LazarBeam,"20,100,000","8,389,982,773","1,258",Gaming,2015,1306747691,113354510,89866123
298,StarPlus,"20,100,000","12,116,551,500","12,702",Entertainment,2006,2938421716,89030415,301842551
299,AuthenticGames,"20,100,000","8,852,635,760","4,638",Gaming,2011,1815779966,79753186,155411722
300,Vevo,"20,000,000","546,905,035","1,519",Music,2006,1158908892,59748652,294307356
301,Skrillex,"20,000,000","6,307,539,008",180,Music,2010,2192490437,116819267,181474628
302,Rotana,"20,000,000","16,480,938,259","8,109",Music,2012,1237575193,60846913,163778053
303,Ultra Movie Parlour,"20,000,000","4,930,920,530","1,302",Movies,2011,1930762748,182190241,294574516
304,SlivkiShow,"20,000,000","4,345,234,891",426,Entertainment,2012,1948539143,143298901,329193020
305,HaerteTest,"20,000,000","3,027,361,293","1,160",Science & Technology,2011,885402356,59149621,125063491
306,5-Minute Crafts PLAY,"19,900,000","5,616,881,420","4,440",Howto & Style,2017,630758250,9137026,64261402
307,Alan Becker,"19,900,000","4,321,286,202",116,Film & Animation,2006,2353012072,214952828,250322059
308,JennaMarbles,"19,900,000","1,761,774,908",250,Comedy,2010,146436757,13449501,16963337
309,Mnet K-POP,"19,800,000","15,394,134,862","29,028",Entertainment,2006,1021307621,81928455,255208393
310,Lyrical Lemonade,"19,800,000","9,563,010,656",408,Entertainment,2013,963959718,10249425,188625493
311,Pencilmation,"19,800,000","10,849,211,839","1,153",Film & Animation,2007,114494723,1735193,44691066
312,Tlnovelas,"19,700,000","12,776,498,114","29,574",News & Politics,2013,2862717376,86654836,255675332
313,Pentatonix,"19,700,000","5,694,327,707",235,Music,2011,786171082,17155390,302966818
314,Totoy kids - Português,"19,700,000","3,826,474,945",174,Film & Animation,2014,130124467,5972093,25921003
315,LankyBox,"19,600,000","25,787,517,689","5,545",Comedy,2016,465720517,43328809,90633983
316,toyorbabytv,"19,600,000","13,978,892,435","1,057",Music,2012,1998578633,104896277,213495819
317,Vlad and Niki Arabic,"19,600,000","9,147,535,900",417,,2018,3088109069,34606080,271668856
318,shane,"19,600,000","4,269,173,489",566,People & Blogs,2005,1802911909,63908020,177884405
319,Marvel Entertainment,"19,500,000","5,098,361,752","7,989",Entertainment,2005,1207678738,16923856,108898550
320,Noor Stars,"19,500,000","2,545,886,796",627,Comedy,2014,723069027,9592151,103487976
321,GMA Public Affairs,"19,400,000","11,968,987,179","37,390",Entertainment,2009,672886016,23426383,165681792
322,Romeo Santos,"19,400,000","14,819,598,563",28,Music,2005,3074925966,107023137,184725504
323,Got Talent Global,"19,400,000","7,383,775,138","2,454",Entertainment,2013,2368335719,191459561,199808288
324,Dr. Vivek Bindra: Motivational Speaker,"19,400,000","1,478,660,028",683,Education,2013,2057417981,201081990,273927673
325,Linkin Park,"19,300,000","11,783,975,855",592,Music,2006,425167737,18455952,48408428
326,Gordon Ramsay,"19,300,000","3,631,748,240","1,287",Entertainment,2006,2913908066,141615404,364426145
327,Troom Troom Es,"19,200,000","7,139,476,227","2,591",People & Blogs,2016,1963859529,168952895,224625689
328,Gusttavo Lima Oficial,"19,200,000","11,815,001,366",335,Music,2010,765803048,26138781,51397372
329,Kinder Spielzeug Kanal,"19,200,000","9,413,508,600",699,Entertainment,2015,921461256,22183592,61919356
330,Infinite,"19,200,000","4,383,533,818","1,517",Entertainment,2014,974515446,84566565,84075177
331,Deddy Corbuzier,"19,200,000","4,075,368,246","1,132",Entertainment,2009,45938962,651646,3335014
332,Minecraft - Topic,"19,100,000",0,0,,2013,684540042,45024217,172098833
333,Robin Hood Gamer,"19,100,000","9,328,209,625","3,750",Entertainment,2014,2310235448,139952576,195316911
334,★ Kids Roma Show,"19,100,000","6,410,853,410",589,People & Blogs,2015,1012343918,41640580,262895605
335,Fatos Desconhecidos,"19,100,000","3,252,868,093","5,240",Entertainment,2013,1088348084,41756712,152852215
336,JukiLop,"19,100,000","1,540,403,509",85,People & Blogs,2017,1483568085,117894994,110392878
337,Crafty Panda,"19,000,000","5,672,497,949",613,People & Blogs,2017,1794750208,31907455,254359053
338,Kurzgesagt – In a Nutshell,"19,000,000","2,052,293,685",161,Education,2013,331068463,10365948,45014519
339,DLS News,"19,000,000","1,946,197,106","3,559",News & Politics,2017,1875203294,142366157,255839127
340,NBA,"18,900,000","10,791,851,871","42,086",Sports,2005,1105579631,65614882,230648942
341,Jimmy Kimmel Live,"18,800,000","12,472,520,905","6,073",Entertainment,2006,196792750,4234771,14489831
342,The ACE Family,"18,800,000","4,497,282,091",668,People & Blogs,2016,689049735,61595675,122290730
343,Clash of Clans,"18,800,000","3,623,586,697",553,Gaming,2013,423027808,19209822,107484415
344,Sun TV,"18,700,000","13,622,998,578","34,648",People & Blogs,2016,2148086487,181530823,220926075
345,Ninja Kidz TV,"18,700,000","9,145,485,770",267,Entertainment,2017,579956350,46915088,44014048
346,Netflix India,"18,700,000","5,228,700,571","2,707",People & Blogs,2016,2981745905,197386480,266045572
347,Beast Reacts,"18,700,000","2,528,480,817",215,People & Blogs,2016,879997452,47962766,299795030
348,Britain's Got Talent,"18,600,000","10,512,530,241","3,735",Entertainment,2008,1574978389,154599210,240548342
349,TRT Originals Urdu,"18,600,000","7,370,103,100",740,Entertainment,2020,536826123,12372154,73609373
350,Lil Nas X,"18,600,000","5,659,051,618",37,Music,2018,1546560094,116400322,127005549
351,Calvin Harris,"18,500,000","14,886,853,329",76,Music,2007,1190363751,32386420,145473710
352,Green Gold TV - Official Channel,"18,500,000","8,985,315,647","1,090",Film & Animation,2011,931115447,37657734,160669686
353,TheWillyrex,"18,500,000","6,957,319,094","6,798",Comedy,2011,2524821605,95395049,308960801
354,Cardi B,"18,500,000","7,069,624,864",60,People & Blogs,2016,167444156,15946249,27295169
355,invictor,"18,500,000","7,050,721,828","2,106",Gaming,2013,2564858524,248950441,195466835
356,shakiraVEVO,"18,400,000","22,257,341,033",189,Music,2009,926989443,24538699,139338139
357,CKN,"18,300,000","18,786,377,776",814,Entertainment,2015,1486325087,17810877,246101411
358,Official Pink Panther,"18,300,000","9,942,133,522",629,Film & Animation,2013,1905965693,142567612,191217308
359,Sonotek,"18,300,000","7,133,240,982","8,169",Entertainment,2011,509239823,24249539,56413650
360,MiawAug,"18,200,000","5,236,302,709","3,287",Gaming,2014,1149575749,20687330,133382718
361,KBS WORLD TV,"18,200,000","13,926,619,677","58,485",Entertainment,2007,887607563,63497554,80968543
362,Turma da Mônica,"18,200,000","13,088,159,940","1,094",Film & Animation,2012,1184799620,69973670,126459964
363,CookieSwirlC,"18,200,000","20,938,593,710","3,571",Entertainment,2013,2028066191,199250433,250047625
364,David Dobrik,"18,200,000","7,087,407,988",536,People & Blogs,2014,551255253,16795013,68891004
365,Unbox Therapy,"18,200,000","4,332,532,776","2,053",Science & Technology,2010,1290557692,59827684,143838580
366,The Royalty Family,"18,200,000","4,490,004,408",633,People & Blogs,2017,3357024979,197490833,300368956
367,A_S Gaming,"18,200,000","2,476,464,261",932,Gaming,2016,1970804624,160133786,224682421
368,HiMan,"18,200,000","2,367,699,484",326,People & Blogs,2014,670110754,39801549,88066286
369,BabyBus - Cerita & Lagu Anak-anak,"18,100,000","10,232,250,581",672,Education,2019,3810327680,248284817,223885482
370,Dan-Sa / Daniel Saboya,"18,100,000","6,165,702,828","2,062",Music,2007,222005221,6738576,72984798
371,Vania Mania Kids,"18,100,000","6,908,411,472",825,People & Blogs,2015,121791874,10501222,24494410
372,PDK Films,"18,100,000","3,910,330,714",108,Entertainment,2009,1796218988,87254479,294846032
373,GEN HALILINTAR,"18,100,000","3,178,960,318",969,Entertainment,2015,1525733024,34613338,133992263
374,ElTrollino,"18,000,000","5,486,103,239","1,517",Entertainment,2013,120962825,8440412,31880766
375,Мирошка ТВ,"18,000,000","4,603,751,673",84,Education,2018,987806107,29089053,330557108
376,TheOdd1sOut,"18,000,000","4,023,496,321",113,Comedy,2014,495496569,9305735,105217544
377,INCRÍVEL,"18,000,000","3,017,467,860","5,682",People & Blogs,2017,868266009,76041714,224446299
378,Emiway Bantai,"18,000,000","3,038,899,728",201,Music,2013,209400392,10766238,47228386
379,Vsauce,"18,000,000","2,415,927,927",391,Science & Technology,2007,408284991,31615766,64706137
380,Farruko,"17,900,000","8,480,000,414",193,Music,2009,479891130,17349446,40651981
381,Diana and Roma EN,"17,900,000","3,868,166,958",424,People & Blogs,2011,1360700553,109981768,223003056
382,ArianaGrandeVevo,"17,800,000","19,011,269,725",177,Music,2010,1020530667,20486370,160525628
383,Like Nastya Vlog,"17,800,000","7,561,933,732",397,People & Blogs,2016,1269901203,53383603,301211354
384,Demi Lovato,"17,800,000","6,495,131,112",282,Music,2008,2001064237,196155449,235629576
385,Lele Pons,"17,800,000","4,958,584,356",154,Comedy,2015,844538304,68795308,105127686
386,Lil Pump,"17,800,000","4,091,109,829",59,Music,2015,301823332,16525743,31675222
387,Naisa Alifia Yuriza (N.A.Y),"17,800,000","2,521,515,641","1,462",People & Blogs,2017,402628214,16338641,138196832
388,SCTV,"17,700,000","8,588,329,369","50,080",Entertainment,2011,2348147955,207792808,280756047
389,Good Mythical Morning,"17,700,000","8,074,270,215","2,980",Entertainment,2008,105823272,6247414,17989247
390,TheGrefg,"17,700,000","6,077,820,746","3,332",Gaming,2012,785846264,61498954,66499684
391,Ali-A,"17,700,000","5,766,028,299","3,920",Gaming,2006,2459871063,191549400,266550076
392,Marmok,"17,700,000","3,131,925,799",344,Gaming,2008,579336737,6729060,68046839
393,Mother Goose Club Playhouse,"17,600,000","15,500,399,390","1,282",Shows,2009,466313438,9961779,80095696
394,RsiamMusic : อาร์สยาม,"17,600,000","10,952,154,122","2,663",Music,2011,1219224409,84573504,86568905
395,Little Angel Español - Canciones Infantiles,"17,600,000","8,525,569,510",580,Education,2018,527685778,12952460,102424371
396,Познаватель,"17,600,000","8,522,826,642",476,Entertainment,2014,1250196827,41249495,236538079
397,JFlaMusic,"17,600,000","3,657,526,529",282,Music,2011,2102382978,200141426,233034928
398,Village Cooking Channel,"17,600,000","4,477,436,881",211,Howto & Style,2018,189919591,11474258,41603423
399,FactTechz,"17,500,000","2,112,929,572",578,Entertainment,2016,3196809324,247962611,272819772
400,Sebastián Yatra,"17,400,000","9,316,925,082",196,News & Politics,2013,1408647584,84826315,107228935
401,officialpsy,"17,400,000","9,825,292,199",119,Music,2010,441707121,26381499,96703701
402,Vlad and Niki IDN,"17,400,000","8,231,518,268",392,,2018,321768342,5944242,25735623
403,Porta dos Fundos,"17,400,000","7,258,838,590","1,960",Entertainment,2012,148257685,6068140,13485362
404,Liza Koshy,"17,400,000","2,595,554,113",189,Comedy,2013,245297361,8688133,22332169
405,etvteluguindia,"17,300,000","19,465,295,267","111,360",Entertainment,2010,421675123,19045190,43220848
406,Vijay Television,"17,300,000","19,901,616,359","27,059",Entertainment,2007,2008101458,164365066,123958679
407,TED-Ed,"17,300,000","3,287,834,094","1,948",Education,2011,739025449,32128348,62017225
408,Stubborn Facts,"17,300,000","827,786,482",217,Film & Animation,2016,1019645202,51647796,91359324
409,PopularMMOs,"17,200,000","14,475,783,059","4,686",Gaming,2012,564981580,25856000,183697657
410,SQUEEZIE,"17,200,000","9,258,609,822","1,471",Gaming,2011,2179144011,40110888,313871411
411,Masha e o Urso,"17,200,000","7,131,816,532",856,Shows,2016,1149740355,57138064,127340181
412,Willyrex,"17,200,000","4,808,457,361","6,686",Gaming,2009,430499673,11883872,66084231
413,RobleisIUTU,"17,200,000","4,680,573,231","1,145",Entertainment,2013,1929305442,51715218,193724995
414,EeOneGuy,"17,200,000","3,804,413,513",363,Entertainment,2013,813977117,15028662,198022428
415,LuisFonsiVEVO,"17,100,000","14,008,585,257",96,Music,2009,19986141,841424,6185793
416,GRAMMY GOLD OFFICIAL,"17,100,000","17,974,040,182","5,334",Music,2014,767141664,59970048,92188023
417,SUPER SLICK SLIME SAM,"17,100,000","6,078,466,417",741,Howto & Style,2018,756120445,26373293,231358618
418,HowToBasic,"17,100,000","3,561,001,854",563,Howto & Style,2011,100354218,3824641,8025807
419,李子柒 Liziqi,"17,100,000","2,801,548,472",128,Howto & Style,2017,1196212755,81151933,121631844
420,Gaby and Alex,"17,000,000","7,942,553,236",351,Entertainment,2012,2643099121,73017392,216639890
421,شبكة العاب العرب | Arab Games Network,"17,000,000","7,723,277,433","5,515",Gaming,2013,985662959,89425468,129704355
422,Kiddiestv Hindi - Nursery Rhymes & Kids Songs,"17,000,000","6,221,383,175",192,Education,2017,1003235332,57000969,143080109
423,Rafa & Luiz,"17,000,000","6,273,315,738","2,184",Entertainment,2015,1660962433,83520274,237491869
424,Khan GS Research Centre,"17,000,000","1,670,639,781",347,Education,2019,2570672347,154764288,345329515
425,हिंदी - Genevieve's Playhouse,"16,900,000","9,195,178,282",96,Education,2018,2464915028,61482592,351398232
426,الـريماس - Al-Remas,"16,900,000","10,550,888,024","2,047",Music,2013,1406249891,91705187,246621446
427,Junya.じゅんや,"16,900,000","9,529,205,653","3,150",Entertainment,2020,1457833269,62218962,171171946
428,Guava Juice,"16,900,000","8,614,218,175","1,754",Gaming,2006,1517410038,137700060,244968126
429,Doggy Doggy Cartoons,"16,800,000","6,459,285,262","4,723",Entertainment,2012,2632696748,66335740,172422478
430,IGN,"16,800,000","14,633,922,961","149,770",Gaming,2006,38392623,2135958,3311114
431,Jason Derulo,"16,800,000","8,808,599,101",451,Music,2008,1928955538,123125495,274978114
432,Maya and Mary,"16,800,000","6,304,251,610",539,Entertainment,2013,2406845851,31299885,290414467
433,DUDU e CAROL,"16,700,000","6,530,946,230","2,874",Autos & Vehicles,2013,719783637,30758068,56969172
434,Jane ASMR 제인,"16,700,000","6,443,586,305","1,546",,2012,885155537,67216207,270627385
435,Anitta,"16,700,000","6,610,175,435",99,Music,2011,181471897,15213510,18089572
436,Werever2morro,"16,700,000","2,714,071,108",972,Entertainment,2007,1105963552,42230753,70738111
437,Triggered Insaan,"16,700,000","2,657,491,028",265,Comedy,2014,1145036821,93748051,185381009
438,7clouds,"16,600,000","11,637,964,945","1,940",Music,2013,728227237,70709429,75489628
439,Tu COSMOPOLIS,"16,600,000","4,875,900,353","6,796",People & Blogs,2014,790044882,68827646,123390252
440,DeToxoMoroxo,"16,600,000","2,212,149,791",488,Entertainment,2012,1136356844,23395268,104209805
441,Sourav Joshi Vlogs,"16,500,000","5,970,849,535","1,039",People & Blogs,2019,694823225,53206595,143416480
442,TheBrianMaps,"16,500,000","4,090,289,417",476,Comedy,2012,2137383927,82866406,230777119
443,Manual do Mundo,"16,500,000","3,367,572,384","2,117",Howto & Style,2006,475090424,47013731,121911127
444,SonyMusicSouthVEVO,"16,400,000","15,090,557,603","4,304",Music,2014,984923896,52872988,146938494
445,zbing z.,"16,400,000","8,307,904,773","2,763",Gaming,2014,2424869287,50968450,165349745
446,Dhar Mann,"16,400,000","8,642,459,264",649,People & Blogs,2018,489653745,36854621,50021386
447,IDEAS EN 5 MINUTOS,"16,400,000","3,509,049,258","4,658",Howto & Style,2017,1250968145,48876586,221859552
448,W2S,"16,300,000","4,739,609,055",653,Gaming,2012,1381209027,137757691,225491155
449,Shemaroo Comedy,"16,300,000","4,923,411,314","3,467",Entertainment,2007,891013303,87480061,245689964
450,ExtraPolinesios,"16,300,000","4,696,367,446",480,People & Blogs,2012,811795616,56056160,99739103
451,Goldmines Great Indian Comedy,"16,300,000","4,238,595,667","2,008",Film & Animation,2016,311727375,6759614,78585421
452,Prajapati News,"16,300,000","907,965,523","1,081",Comedy,2013,757924370,54432225,90102870
453,SOMOY TV,"16,200,000","9,476,895,180","124,072",News & Politics,2015,3240229038,59531897,225939971
454,Sony AATH,"16,200,000","10,718,891,416","14,759",Shows,2013,227598018,2877470,61956676
455,Miley Cyrus,"16,200,000","6,235,405,830",124,Entertainment,2009,3052114935,256579888,241571921
456,Sandra Cires Art,"16,200,000","3,702,173,328",953,Howto & Style,2011,2754223507,79535819,216523619
457,tanboy kun,"16,200,000","3,020,272,233",582,People & Blogs,2016,420571703,18552444,94302095
458,Sidhu Moose Wala,"16,200,000","4,078,330,367",111,Music,2017,2141297791,209014572,233441587
459,Blippi - Educational Videos for Kids,"16,100,000","12,991,967,769",453,Education,2014,584950837,23582670,62545635
460,Queen Official,"16,100,000","9,723,539,941",908,Music,2008,3298928637,121018163,318167397
461,Travis Scott,"16,100,000","7,187,033,169",13,Music,2013,2647101647,245224108,289634217
462,Les' Copaque Production,"16,100,000","7,954,662,776","1,427",Film & Animation,2009,1542591980,30801489,132814897
463,Zuni and Family,"16,100,000","5,830,669,187",176,People & Blogs,2017,1190335872,93277595,164639514
464,Sidemen,"16,100,000","4,196,033,350",264,Entertainment,2015,131516053,13010344,10249391
465,The Game Theorists,"16,100,000","3,546,490,692",659,Gaming,2009,1113115768,101423369,130628243
466,Antrax,"16,100,000","2,949,891,202",654,Gaming,2015,60197076,4132536,9033767
467,Canal IN,"16,100,000","2,573,050,059",723,People & Blogs,2017,1980313666,75777636,205898845
468,Dushyant kukreja,"16,000,000","11,095,340,736",571,Entertainment,2015,946142837,31117671,123347442
469,TRANS TV Official,"16,000,000","8,780,937,851","123,467",Entertainment,2014,588155898,49248033,144530442
470,Little Mix,"16,000,000","7,047,968,268",278,Music,2011,754274288,67269177,149735077
471,RKD Studios,"16,000,000","4,133,234,619",622,Entertainment,2014,374343184,21445799,70542767
472,FailArmy,"16,000,000","2,041,620,563",337,Comedy,2011,45429000,1453300,8863899
473,El Reino a Jugar,"15,900,000","10,175,537,321",872,Education,2015,2782566923,56110152,271670525
474,DopeLyrics,"15,900,000","9,803,533,121","1,937",Music,2016,1144360512,20422431,269171990
475,Boyce Avenue,"15,900,000","6,230,190,520",438,Music,2007,2106267154,157373900,215120422
476,Camila Cabello,"15,900,000","6,086,165,889",61,Music,2015,171190340,8184727,26862297
477,VICE,"15,900,000","4,174,962,442","3,694",Entertainment,2005,37237016,3406531,3689238
478,Kaykai Salaider,"15,900,000","4,248,704,474",399,Comedy,2011,2636174909,201853012,200559867
479,Fede Vigevani,"15,900,000","4,745,414,554",865,Howto & Style,2009,1406406446,38273154,181941435
480,Marques Brownlee,"15,900,000","3,082,486,680","1,454",Science & Technology,2008,2767402959,180545279,274911303
481,jeffreestar,"15,900,000","2,575,183,135",428,Howto & Style,2006,657825059,32362026,212352140
482,Apple,"15,900,000","808,136,104",205,Science & Technology,2005,1003297353,62156754,74293172
483,Kids Play,"15,800,000","7,713,981,883",545,Entertainment,2018,637120255,48692693,123292206
484,Aayu and Pihu Show,"15,800,000","7,837,311,552",352,Comedy,2017,1354622921,111834456,106655916
485,JJ Olatunji,"15,800,000","3,631,494,389","1,183",Gaming,2011,696919634,59890736,211511452
486,Katie Angel,"15,800,000","3,007,947,714",732,People & Blogs,2015,2451125324,80538435,206756316
487,MissaSinfonia,"15,800,000","1,918,777,559",232,Comedy,2011,3148198678,40298214,248209551
488,AMARINTV : อมรินทร์ทีวี,"15,700,000","11,194,074,075","97,231",Entertainment,2014,143792148,11005351,21907005
489,Rotten Tomatoes Trailers,"15,700,000","12,811,981,848","9,582",Film & Animation,2011,1482374108,29011447,326934269
490,Pitbull,"15,700,000","11,458,130,113",302,Music,2006,911109406,34934451,161566471
491,Enes Batur,"15,700,000","9,410,061,135","1,979",Gaming,2012,343396682,3551938,50934334
492,Jennifer Lopez,"15,700,000","9,512,025,119",224,Music,2005,841635614,60050914,121343812
493,Jason Vlogs,"15,700,000","7,137,778,517",666,Education,2015,856927208,21459069,152709760
494,Alejo Igoa,"15,700,000","5,276,127,016",699,Comedy,2014,1350885205,93177870,198474681
495,Matt Stonie,"15,700,000","3,249,162,653",401,Entertainment,2012,1019923170,101234346,359006571
496,Caeli YT,"15,700,000","1,509,244,860",545,Entertainment,2010,2366794224,39147672,266847366
497,Pop Chartbusters,"15,600,000","7,817,983,360","2,154",Music,2011,1218611986,20639656,311763388
498,Tilak,"15,600,000","6,132,515,137","3,614",Film & Animation,2020,1716033891,69729678,324373395
499,AdMe,"15,600,000","4,012,749,893","5,356",Entertainment,2015,957320445,84220061,334534865
500,FunFun Toy Doll TV,"15,500,000","6,948,469,648",706,Entertainment,2016,808417455,23765604,105707541
501,News24,"15,500,000","5,982,443,648","157,377",News & Politics,2014,2790116059,118395795,289327281
502,Roman Atwood Vlogs,"15,500,000","5,442,036,950","1,726",People & Blogs,2013,812974893,13142134,82712513
503,Dyland PROS,"15,500,000","1,294,519,810","1,803",Entertainment,2015,1175092974,92460987,295146545
504,Gato Galactico | GALÁXIA,"15,400,000","5,602,802,498","2,085",Film & Animation,2013,952236412,44514739,87539843
505,FitDance,"15,400,000","6,541,827,030","3,537",Music,2013,2617351450,205023384,248491680
506,Smile Family Spanish,"15,400,000","5,534,075,089",343,,2019,1111953526,101548828,194342053
507,wifistudy,"15,400,000","2,805,232,542","46,290",Education,2014,1949619372,60338152,208145128
508,Live,"15,300,000",0,0,,2015,2063138159,170550641,125550128
509,RCTI - LAYAR DRAMA INDONESIA,"15,300,000","12,818,689,835","58,886",Entertainment,2015,764198560,11706337,192217630
510,SriBalajiMovies,"15,200,000","8,199,671,601","16,953",Entertainment,2011,845101762,76816593,94143846
511,Oyuncak Avı,"15,200,000","8,085,387,780",544,Entertainment,2014,693156845,47529189,57411467
512,AdeleVEVO,"15,200,000","11,470,355,227",51,Music,2009,619303911,54920121,93553117
513,Camilo,"15,200,000","6,003,697,328",80,Music,2010,1147816753,11497629,353552874
514,Kerajinan 5-Menit,"15,200,000","4,465,727,515","3,392",People & Blogs,2018,292481001,7375580,79757534
515,Bizarrap,"15,200,000","4,683,488,651",78,Comedy,2017,1186918723,53504331,95839075
516,T3ddy,"15,200,000","2,528,566,554","1,700",Comedy,2012,93172549,4114058,6309439
517,Musas,"15,200,000","2,359,375,167",611,Howto & Style,2012,219089216,6661568,18935696
518,Dan Rhodes,"15,100,000","10,715,145,365","1,315",Entertainment,2015,63897289,2833530,7580340
519,With Kids[위드키즈],"15,100,000","7,990,515,155",863,Entertainment,2012,2794627204,60353842,363383967
520,And TV,"15,100,000","11,583,824,903","26,477",Entertainment,2015,2367446915,111621574,199025103
521,TheRichest,"15,100,000","2,919,203,136","2,206",Education,2014,1567024700,128828061,268983939
522,LOKESH GAMER,"15,100,000","1,535,589,708","1,186",Gaming,2017,981004095,52107313,231793104
523,Technoblade,"15,100,000","1,488,692,745",988,Gaming,2013,617640644,7176989,55958362
524,Ch7HD,"15,000,000","11,688,798,550","49,889",Entertainment,2010,300948225,14424437,51640939
525,POPS Kids,"15,000,000","8,678,492,072","4,478",Music,2014,1310222339,16306701,143741028
526,SAM SMITH,"15,000,000","8,769,075,543",67,Music,2012,263610386,25560165,42306121
527,Like Nastya IDN,"15,000,000","6,483,845,834",430,Entertainment,2019,576099771,12369355,174096489
528,Like Nastya VNM,"15,000,000","8,132,415,475",456,Entertainment,2019,745554256,54941346,148732182
529,5-Minute Crafts FAMILY,"15,000,000","5,438,131,771","3,440",People & Blogs,2018,601140894,58641215,55571921
530,zayn,"15,000,000","4,559,692,349",14,Music,2016,243893831,20570862,17388559
531,Makiman131,"15,000,000","4,484,263,923","3,102",Gaming,2013,370570313,27028799,85838247
532,حِرف إبداعية في 5 دقائق,"15,000,000","4,160,511,912","4,404",Howto & Style,2017,1025403114,87724755,84618762
533,Stokes Twins,"15,000,000","2,774,875,062",216,People & Blogs,2008,615244652,60516622,83416176
534,Ranz Kyle,"15,000,000","1,678,559,984",479,People & Blogs,2008,1383233403,91184135,115051143
535,НТВ,"14,900,000","439,098",1,People & Blogs,2008,151930973,9165483,24699223
536,Henrique e Juliano,"14,900,000","12,484,253,152",285,Music,2009,1586268662,105552585,133995960
537,LEGO,"14,900,000","18,840,617,532","28,683",Entertainment,2005,3267407233,189316286,347876301
538,Volga Video,"14,900,000","9,171,517,368","18,735",Film & Animation,2012,303880494,20408012,67482915
539,Lahari Music | T-Series,"14,900,000","10,469,251,425","8,169",Music,2011,125660579,6344074,28461924
540,Kwebbelkop,"14,900,000","6,655,475,239","4,951",Gaming,2008,90750138,2691638,9117352
541,Talking Tom & Friends,"14,900,000","6,178,735,188",392,Entertainment,2010,946861243,19715781,66558257
542,Mariale,"14,900,000","2,568,493,946","1,918",Howto & Style,2010,191682600,3095805,55625368
543,Harsh Beniwal,"14,900,000","1,630,452,954",158,Comedy,2015,1640822801,55293136,144950388
544,GMMTV OFFICIAL​​,"14,800,000","10,387,146,066","19,368",Entertainment,2010,2139291566,30273373,169003378
545,BIGBANG,"14,800,000","7,353,265,213",776,Music,2005,2346053327,143215693,231076130
546,La Rosa de Guadalupe,"14,800,000","8,349,695,433","5,225",Entertainment,2015,1623541172,57708056,157910394
547,Dave and Ava - Nursery Rhymes and Baby Songs,"14,800,000","9,864,262,216",732,Education,2014,600458205,50563464,44274339
548,League of Legends,"14,800,000","6,604,382,784","1,340",Gaming,2009,1208965539,20167574,173655645
549,Super Senya,"14,800,000","4,790,199,895",525,Entertainment,2016,294918636,8957161,49479616
550,Lachlan,"14,800,000","5,013,387,703","3,646",Gaming,2013,1151306906,87179437,141587653
551,Reaction Time,"14,800,000","4,255,591,418","1,684",Entertainment,2015,2624336790,167676085,213486180
552,ERB,"14,800,000","3,905,723,697",85,Entertainment,2006,173250563,2738089,14768681
553,YOLO AVENTURAS,"14,800,000","3,689,834,035",976,People & Blogs,2018,634524157,56441908,99096542
554,MrBeast Shorts,"14,800,000","1,938,796,955",87,People & Blogs,2020,3033894306,269875695,222107608
555,Niana Guerrero,"14,800,000","1,359,023,136",391,Entertainment,2013,2172942720,86345617,185296102
556,Zé Neto e Cristiano,"14,700,000","10,398,104,437",212,Music,2012,1402085273,56975874,146256648
557,Dangal TV Channel,"14,700,000","8,282,592,676","8,625",Entertainment,2017,462606144,45803815,67992463
558,MK MUSIC,"14,700,000","7,773,089,325","4,624",Music,2010,1748127905,115998522,214681561
559,NDTV India,"14,700,000","5,647,481,648","65,241",News & Politics,2008,212887367,12308825,57268587
560,les boys tv2,"14,700,000","4,518,966,874",381,Entertainment,2017,367759789,31419078,67259059
561,iTownGamePlay *Terror&Diversión*,"14,700,000","4,784,433,628","7,674",Entertainment,2012,891769565,31814887,249077532
562,Planeta das Gêmeas,"14,700,000","4,468,774,867",899,People & Blogs,2015,737442879,35859217,190226440
563,IDEIAS INCRÍVEIS,"14,700,000","3,498,040,367","4,643",Howto & Style,2017,1437828724,49029816,208399542
564,Linus Tech Tips,"14,700,000","6,062,569,897","5,864",Science & Technology,2008,122486824,9924430,13904617
565,Maroon5VEVO,"14,600,000","18,917,303,323",143,Music,2009,247237881,15230209,83457302
566,Major Lazer Official,"14,600,000","8,886,913,617",407,Music,2009,2336238915,161887938,176858314
567,Jorge & Mateus Oficial,"14,600,000","7,981,563,626",294,Music,2008,227325685,7435289,33686322
568,NMF News,"14,600,000","6,090,840,731","95,987",News & Politics,2013,759677806,22653802,64752624
569,BBC News Hindi,"14,600,000","5,544,547,819","16,437",News & Politics,2009,3022844936,163093719,250635392
570,Lilly Singh,"14,600,000","3,480,250,258",858,Comedy,2010,139563248,10659968,20085202
571,MattyBRaps,"14,600,000","3,226,020,734",175,Music,2010,138610674,7938452,22660628
572,Daftar Populer,"14,600,000","1,859,586,741","2,898",Education,2017,849648274,10992843,292381989
573,LEGENDA FUNK,"14,600,000","1,310,544,121","2,250",Music,2013,2591672024,228506777,286733217
574,SelenaGomezVEVO,"14,500,000","10,323,589,482",183,Music,2009,1836999001,29064668,252554158
575,El Payaso Plim Plim,"14,500,000","12,573,029,533",992,Film & Animation,2013,1207526200,115951741,207214013
576,Fueled By Ramen,"14,500,000","12,629,200,270","1,190",Music,2006,48693719,597120,7216557
577,Thairath Online,"14,500,000","11,995,915,981","209,097",News & Politics,2010,225144295,16323083,41925162
578,CollegeHumor,"14,500,000","7,331,868,655","3,307",Comedy,2006,434796113,7564859,70557295
579,Bollywood Classics,"14,500,000","6,036,342,725","1,147",Entertainment,2011,2815888476,258951616,340877482
580,Zhong,"14,500,000","9,685,321,623","1,081",Entertainment,2015,1607602936,83272210,278152921
581,Wow Kidz Action,"14,500,000","6,378,481,319","1,445",Film & Animation,2017,173898925,3891360,22539998
582,News18 India,"14,500,000","5,069,817,134","120,858",News & Politics,2007,12310969,500729,2094490
583,XpressTV,"14,500,000","3,644,137,000",630,Entertainment,2014,2261992771,56174827,205864310
584,Maha Fun Tv,"14,500,000","2,385,190,008",51,Entertainment,2017,568620073,14415867,129538394
585,Mobile Legends: Bang Bang Official,"14,500,000","2,655,046,551","2,410",Gaming,2016,1466951273,139844096,229385794
586,حقائق وأسرار,"14,500,000","2,175,911,149","1,312",Entertainment,2016,3013902720,150912589,338103061
587,Drawblogs,"14,500,000","1,694,934,569",362,Entertainment,2014,51836331,4198338,6956790
588,Canal Nostalgia,"14,500,000","1,416,689,094",370,Entertainment,2008,402446075,27191068,38911523
589,Fifth Harmony,"14,400,000","7,526,971,366",67,Music,2013,2777523870,196866371,228070823
590,Team Films Bhojpuri,"14,400,000","6,164,527,861","20,085",Music,2014,188959605,4129222,22174044
591,Chad Wild Clay,"14,400,000","6,161,605,244",630,Comedy,2006,1951892691,60658188,225956992
592,Boram Tube ToysReview [보람튜브 토이리뷰],"14,400,000","4,914,128,767",568,People & Blogs,2016,2863278261,231374444,260976831
593,Martin Garrix,"14,400,000","5,558,117,744",305,Music,2011,438600417,42706065,40698922
594,LIV Crime,"14,400,000","7,061,275,751","4,281",People & Blogs,2020,966878076,32526559,108325397
595,Super Polina,"14,400,000","4,812,187,551",539,People & Blogs,2014,1035691397,35670442,96859503
596,Rclbeauty101,"14,400,000","3,919,524,704",478,Comedy,2010,240288843,12629759,63065307
597,TWICE,"14,400,000","3,733,683,543",852,Music,2016,583187018,57470531,114383386
598,Arif muhammad,"14,400,000","3,400,090,845",428,People & Blogs,2017,2197248703,75159759,196768530
599,Cyprien,"14,400,000","3,005,899,595",205,Comedy,2007,327059534,15249959,84125636
600,The Slow Mo Guys,"14,400,000","2,346,592,288",297,Entertainment,2010,581758130,52493898,75049654
601,Дима Масленников,"14,400,000","2,013,234,398",401,Entertainment,2014,745165331,7647552,142495989
602,Genierock,"14,300,000","13,310,308,313","1,540",Music,2008,1339911456,18194573,241748698
603,mujjuu___14,"14,300,000","9,548,597,909",556,People & Blogs,2020,2492086602,160406769,219311041
604,PlayStation,"14,300,000","4,230,572,281","17,878",Gaming,2005,2382896246,218426313,191432495
605,Gyan Gamingㅤ,"14,300,000","2,081,351,545","2,514",Gaming,2017,1114567208,35105634,203645002
606,Zach King,"14,300,000","2,014,152,450",398,Entertainment,2013,393848834,20585596,44451192
607,It's Mamix,"14,300,000","1,547,521,967",200,People & Blogs,2017,1530107604,77334510,141197822
608,Hear This Music,"14,200,000","8,511,385,256",38,Music,2016,342777800,18018944,61215561
609,Unspeakable,"14,200,000","7,365,642,885",668,Gaming,2016,995079215,65701869,77508025
610,SIS vs BRO,"14,200,000","6,767,838,159",357,Entertainment,2016,2014970415,105336484,250177072
611,Mohamed Ramadan I محمد رمضان,"14,200,000","4,812,994,887",599,People & Blogs,2014,471690655,23712895,54588595
612,Trap City,"14,200,000","4,885,163,357","2,554",Music,2012,597048574,31456075,46499899
613,Totoy kids - Español,"14,200,000","4,533,034,236",167,Film & Animation,2017,723310165,45697340,114058682
614,Camila Loures,"14,200,000","4,189,052,804","3,429",Music,2014,739264025,43121768,84920005
615,Zach Choi ASMR,"14,200,000","2,512,937,687",638,People & Blogs,2014,2189986026,190248991,235557757
616,MalumaVEVO,"14,100,000","17,905,081,262",168,Music,2011,1048209875,15151576,296867810
617,ABS-CBN News,"14,100,000","9,438,904,191","174,684",News & Politics,2009,2597799447,220809150,342249266
618,CNN,"14,100,000","12,083,277,333","155,569",News & Politics,2005,1357341732,116667885,106021764
619,Zee Music Classic,"14,100,000","5,021,164,640",964,Music,2014,750522253,26749905,170812787
620,ช่อง8 : Thai Ch8,"14,100,000","5,221,155,648","20,582",Entertainment,2011,206537495,10669040,22288327
621,Daily Dose Of Internet,"14,100,000","4,265,711,762",396,Entertainment,2015,533794634,26406000,50167437
622,Invento na Hora,"14,100,000","3,851,507,257","1,189",Film & Animation,2014,2558856739,75910749,349875387
623,#Refugio Mental,"14,100,000","3,410,001,605",688,Entertainment,2013,1922109671,87862931,154177835
624,Anasala I أنس و أصالة,"14,100,000","3,068,619,934",407,Entertainment,2017,1623018434,22713979,257037191
625,Мастерская Настроения,"14,000,000","3,636,809,960",891,Entertainment,2013,2365026917,82785370,144551705
626,Aphmau,"14,000,000","13,364,784,369","3,996",Gaming,2012,3051210772,254780358,278959093
627,O Canal do Joãozinho - Little Angel Português,"14,000,000","7,752,154,061",649,Entertainment,2018,263302176,9376350,30168374
628,Трум Трум,"14,000,000","6,272,005,457","1,987",Howto & Style,2015,930772409,77848501,96457577
629,AM3NlC,"14,000,000","4,816,638,383","5,446",Gaming,2012,2811338704,162618940,284829510
630,F2Freestylers - Ultimate Soccer Skills Channel,"14,000,000","3,152,582,636",777,Sports,2011,2036044316,181589989,237788008
631,A2 Motivation by {Arvind Arora},"13,900,000","8,013,016,996","2,340",Entertainment,2017,1189004495,73397437,90958546
632,Taarak Mehta Ka Ooltah Chashmah,"13,900,000","8,048,210,407","2,519",Entertainment,2014,1792123601,22706457,190730495
633,EdisonPts,"13,900,000","5,606,959,168","3,490",Gaming,2013,1092867847,77361730,151565979
634,UFC - Ultimate Fighting Championship,"13,900,000","5,422,335,319","12,258",Sports,2006,54903564,770671,4722230
635,Kuplinov ► Play,"13,900,000","5,778,034,318","6,400",Gaming,2012,616024590,31142341,93220644
636,CoryxKenshin,"13,900,000","5,816,295,650","1,628",Gaming,2009,595200489,55739574,197090790
637,DM - Desi Melodies,"13,900,000","5,056,080,182",45,Music,2017,1244946865,30959780,239630333
638,Bie The Ska,"13,900,000","4,427,609,230","1,349",Entertainment,2006,1303651652,58779712,187883259
639,Saad Lamjarred | سعد لمجرد,"13,900,000","3,931,202,248",156,Music,2012,1488839191,112686408,111231884
640,Doc Tops,"13,900,000","2,469,411,668",437,Entertainment,2014,817959554,73128258,70225720
641,Mis Pastelitos,"13,900,000","2,382,268,150",534,Howto & Style,2014,2237537255,157488769,173458410
642,NikkieTutorials,"13,900,000","1,562,768,226",852,Howto & Style,2008,549479549,18262278,73159764
643,FC Barcelona,"13,800,000","2,203,376,862","9,960",Sports,2006,1338095231,94623011,139435078
644,Blippi Español,"13,800,000","7,685,405,847",408,People & Blogs,2017,409344072,15025173,65642851
645,Daniel LaBelle,"13,800,000","7,013,383,323",224,Comedy,2009,886740176,66202807,115431445
646,melanie martinez,"13,800,000","3,835,968,267",96,Music,2007,1317337077,126283859,115333530
647,Rosanna Pansino,"13,800,000","4,057,054,946","1,007",Howto & Style,2010,1695524118,127037840,160358629
648,Auron,"13,800,000","2,583,408,205",694,People & Blogs,2013,942877008,82651886,146097012
649,NOBRU,"13,700,000","225,191,097",344,Gaming,2016,329317286,3355527,64825727
650,Mazhavil Manorama,"13,700,000","13,822,177,908","70,454",Entertainment,2011,719786175,53682726,124714737
651,MNCTV OFFICIAL,"13,700,000","7,394,853,164","54,722",Entertainment,2012,1048772750,88792121,343854440
652,ADEL et SAMI,"13,700,000","5,660,289,473",362,Entertainment,2018,1210089733,16518071,118397579
653,NichLmao,"13,700,000","7,269,291,992",562,People & Blogs,2018,239841795,21212518,40745079
654,Hongyu ASMR 홍유,"13,700,000","4,285,457,943",515,People & Blogs,2018,30040039,994399,3229349
655,Dang Matt Smith,"13,700,000","3,101,895,284","1,372",Entertainment,2011,531549469,37142704,62233247
656,Darkar Company Studios,"13,700,000","2,201,167,967",164,Film & Animation,2009,880032023,72190733,175756308
657,MAIKI021,"13,700,000","1,893,820,151","2,919",Entertainment,2008,1405684094,97891567,169513811
658,Wengie,"13,700,000","1,882,235,841",373,Howto & Style,2010,128856790,2358804,25510605
659,GMM25Thailand,"13,600,000","8,727,207,691","53,533",Entertainment,2011,1837972001,117021722,242842982
660,50 Cent,"13,600,000","8,649,139,354",417,Music,2007,51622932,3069630,11517702
661,Lyna,"13,600,000","5,801,199,256","4,452",Gaming,2014,1581531022,143965051,167732754
662,TazerCraft,"13,600,000","5,325,454,303","3,977",Gaming,2011,694276736,32201648,144774220
663,CrashCourse,"13,600,000","1,699,669,363","1,436",Education,2006,3701730500,143987317,339903861
664,Zig & Sharko,"13,500,000","8,306,091,825",826,Film & Animation,2015,1321605884,102406705,161836074
665,5-Minute Crafts Recycle,"13,500,000","7,508,843,409","2,770",People & Blogs,2019,244731807,11536848,20380496
666,Aadishakti Films,"13,500,000","5,860,777,243","4,599",Music,2016,1104357765,75260497,133266995
667,infobells,"13,500,000","4,977,566,807",463,Education,2011,2174761674,148276355,196388958
668,The World Adventures हिन्दी,"13,500,000","2,116,009,610",854,People & Blogs,2016,1275793009,114723792,125885176
669,PlayHard,"13,500,000","1,926,532,344","2,138",Gaming,2014,211407337,13505190,21301621
670,Neha Kakkar,"13,500,000","1,792,757,553",122,Music,2012,654365954,36116959,81601950
671,ZEE5,"13,400,000","15,778,544,226","69,731",Entertainment,2018,1661404675,37378979,245141695
672,Jake Fellman,"13,400,000","10,047,123,955",352,Entertainment,2012,1863523217,38046406,253727241
673,ABC News,"13,400,000","11,589,784,991","71,206",News & Politics,2006,215127735,5139173,69268552
674,Gallina Pintadita,"13,400,000","9,054,727,117",59,Music,2011,818329252,20839870,132575040
675,Telemundo,"13,400,000","7,855,326,888","18,325",Entertainment,2007,636949920,42936117,72411255
676,Wesley Safadão,"13,400,000","7,301,307,830",371,Music,2009,1466169374,112438055,170722578
677,AzzyLand,"13,400,000","6,045,422,126","1,620",Gaming,2015,1531145448,88345924,110595292
678,FAPTV,"13,400,000","4,975,821,188",595,Comedy,2014,1585812693,134178142,160395364
679,TV Ana Emilia,"13,400,000","4,344,884,807",493,People & Blogs,2014,2173729093,215663685,164620310
680,Harry Styles,"13,400,000","4,427,208,053",13,People & Blogs,2017,1608283489,134775984,340954475
681,Lindsey Stirling,"13,400,000","3,533,680,308",172,Music,2007,1603609473,116324890,229717427
682,Kurt Hugo Schneider,"13,400,000","3,659,613,327",681,Entertainment,2007,952918313,55197167,141232783
683,Narins Beauty,"13,400,000","2,046,344,368",406,Howto & Style,2014,1472611398,74214867,194091943
684,Kim Loaiza,"13,400,000","1,092,248,349",12,Music,2019,2736769333,48154316,261052268
685,YOLO,"13,400,000","638,326,662",117,Comedy,2015,951669727,43722740,197695165
686,jbalvinVEVO,"13,300,000","19,691,312,985",235,Music,2010,885298933,81369699,69298979
687,Atlantic Records,"13,300,000","11,695,828,552","1,421",Music,2006,1933615812,159952638,275016949
688,Wish 107.5,"13,300,000","5,259,245,361","1,552",Music,2014,1964822352,57853453,258187318
689,H2ODelirious,"13,300,000","4,229,571,870","3,027",Gaming,2007,2700154888,140393745,282687269
690,Vlad and Niki ARA,"13,200,000","6,282,100,713",404,,2019,474026660,39583638,60440134
691,MyMissAnand,"13,200,000","4,522,774,674",275,People & Blogs,2014,892486248,14337443,118811154
692,PrestonPlayz,"13,200,000","4,655,009,420",694,Gaming,2018,2098085971,94131325,345085710
693,123 GO! Spanish,"13,200,000","4,639,173,668",340,People & Blogs,2019,724290197,62771125,138790634
694,Anaysa,"13,200,000","3,173,575,287",490,Howto & Style,2012,2201417853,102037495,342686792
695,JD Pantoja,"13,200,000","1,380,896,972",16,People & Blogs,2017,319933293,5434168,91088210
696,ETV Jabardasth,"13,100,000","12,102,023,764","7,805",People & Blogs,2015,153311767,9019038,20976758
697,theRadBrad,"13,100,000","5,791,129,136","7,672",Gaming,2006,485976524,42550561,69430462
698,SRK MUSIC,"13,100,000","5,680,652,976","4,895",Music,2012,1883787310,118915390,248769448
699,The LaBrant Fam,"13,100,000","4,606,244,054",586,Comedy,2012,844870249,25654586,101586778
700,Vlad and Niki ESP,"13,100,000","4,846,410,942",409,,2018,644206957,28719754,177668056
701,MSA previously My Story Animated,"13,100,000","5,149,512,811",838,Film & Animation,2019,2631448826,132917381,219950802
702,The Q,"13,100,000","4,064,473,466",276,People & Blogs,2017,192598814,11966929,25770251
703,Desi Gamers,"13,100,000","1,938,724,616","1,223",Gaming,2015,1393882349,109198962,192554462
704,Matheus Yurley,"13,100,000","741,066,278",238,Entertainment,2015,650958222,12302215,48726038
705,Calon Sarjana,"13,000,000","10,664,585",29,Entertainment,2016,986521345,88854678,283101079
706,Saturday Night Live,"13,000,000","13,581,231,885","7,996",Entertainment,2013,1025776253,11394192,140934183
707,EnriqueIglesiasVEVO,"13,000,000","14,773,705,750",137,Music,2009,167584921,7257216,22078542
708,Поззи,"13,000,000","6,244,275,339","3,000",People & Blogs,2012,454205096,5662950,69149163
709,The MriDul,"13,000,000","3,545,774,062",96,Comedy,2015,810127617,36753610,177292182
710,Conor Maynard,"13,000,000","2,581,452,824",282,Music,2006,345247984,19790696,73157388
711,DALLMYD,"13,000,000","1,738,311,790",616,Sports,2011,2069237039,115983477,168444615
712,ГЛЕНТ,"13,000,000","926,279,238",221,People & Blogs,2019,2281769709,56831014,251312187
713,Coke Studio,"12,900,000","3,274,234,309",529,Music,2014,1732536050,118014544,271753667
714,BeyoncéVEVO,"12,900,000","13,130,570,880",167,Music,2009,1571877119,22053531,236164292
715,O Reino Infantil,"12,900,000","9,539,435,945","1,055",Music,2014,1384715728,108799349,137430520
716,twenty one pilots,"12,900,000","4,621,224,472",173,Music,2009,405701216,38621943,95977879
717,Gulshan Kalra,"12,900,000","6,130,500,064",339,Howto & Style,2018,781484765,31712022,78863565
718,How Ridiculous,"12,900,000","5,543,670,656",390,Sports,2009,1172417333,66302010,150448361
719,Matt Steffanina,"12,900,000","2,970,575,636",486,Entertainment,2011,1518737983,66979268,144652193
720,The Shiny Peanut,"12,900,000","2,839,759,455","2,331",Education,2016,1679180708,17805923,331741470
721,NishaMadhulika,"12,900,000","2,639,885,987","1,931",Howto & Style,2009,1043776832,46686786,197983288
722,ATHLEAN-X™,"12,900,000","2,162,786,560","1,296",Howto & Style,2006,1267892689,103022396,218699213
723,O Que Não Dizer Oficial,"12,900,000","1,636,814,649",511,Comedy,2015,2716606984,172882140,368973701
724,Alex Gonzaga Official,"12,900,000","1,300,528,162",238,People & Blogs,2017,37966020,725659,7116446
725,Everson Zoio,"12,900,000","990,362,305",587,Comedy,2009,1233147890,106349823,172720193
726,Infobells Bangla,"12,800,000","6,165,983,944",284,Education,2016,1898854402,109749381,193761904
727,SMOL,"12,800,000","13,067,020,729","1,960",People & Blogs,2021,903487139,77478632,64084442
728,RedeTV,"12,800,000","8,366,717,082","36,800",Entertainment,2011,2063781486,128408353,268084133
729,Crazy Frog,"12,800,000","6,887,508,307",33,Music,2009,3250207531,196221399,292039961
730,MrSuicideSheep,"12,800,000","6,722,961,376","3,212",Entertainment,2010,1228425863,23921538,126188015
731,T-Series Hamaar Bhojpuri,"12,800,000","6,334,967,135","9,347",Entertainment,2011,909734776,22800115,96282126
732,Ray William Johnson,"12,800,000","6,682,031,898","1,354",Entertainment,2008,366228985,35700833,130542324
733,Zee Telugu,"12,800,000","6,224,195,587","86,735",Entertainment,2008,3157410382,96502482,303382782
734,Katakit Baby TV,"12,800,000","5,243,185,280",169,Music,2010,299342181,29326760,81532167
735,Typical Gamer,"12,800,000","3,948,852,379","3,931",Gaming,2008,580888117,33617240,100536585
736,BBC News,"12,800,000","3,841,146,030","16,397",News & Politics,2006,270243434,6005083,52047787
737,PowerfulJRE,"12,800,000","2,266,640,311",765,People & Blogs,2013,2041027324,38651339,163868834
738,CookingShooking Hindi,"12,800,000","1,609,903,713",393,People & Blogs,2017,1306074637,37612032,215477555
739,Hacksmith,"12,800,000","1,343,814,218",745,Science & Technology,2006,992036488,92564305,143542006
740,Dear Sir,"12,800,000","918,548,566",482,Education,2016,990426481,46820946,174572993
741,Tsuriki Show,"12,700,000","19,472,063,469","1,617",Entertainment,2019,42979139,1959379,12631604
742,NickiMinajAtVEVO,"12,700,000","8,367,047,990",93,Music,2010,2396119360,91504356,302000659
743,Like Nastya Stories,"12,700,000","6,055,781,883",389,Entertainment,2019,1394593728,32404175,125420582
744,Top Viral Talent,"12,700,000","6,503,369,315","2,282",Entertainment,2014,1781807813,96051214,198226758
745,Jazzghost,"12,700,000","4,639,145,138","5,111",Gaming,2012,441033086,9572314,56418602
746,Ei Nerd,"12,700,000","3,207,538,507","5,219",Entertainment,2013,2374554999,202295989,171583964
747,#Refúgio Mental,"12,700,000","2,582,093,496",758,Entertainment,2013,314814082,13642697,116368379
748,أترو/Atro,"12,700,000","2,138,416,538","1,544",Gaming,2017,434345736,18994947,64988197
749,Ami Rodriguez,"12,600,000","1,986,603,595",358,Entertainment,2009,274773281,14469719,20500962
750,That Little Puff,"12,600,000","10,768,365,983",542,Pets & Animals,2020,737530503,36855501,78132792
751,Hungria Hip Hop,"12,600,000","3,960,601,978",44,Music,2013,1584982001,157764698,209043330
752,BBC,"12,600,000","8,830,704,358","12,973",Pets & Animals,2005,2118225651,125153881,276544623
753,Lady Diana,"12,600,000","7,265,803,610","1,273",Entertainment,2016,822899023,14761288,142809302
754,T-Series Regional,"12,600,000","5,169,203,026","15,573",Entertainment,2011,2476465316,160026615,325876370
755,Blossom,"12,600,000","4,270,306,760",533,Howto & Style,2017,1285827955,30400298,228664900
756,Crescendo com Luluca,"12,600,000","4,241,651,530","1,107",Entertainment,2015,614947622,7861729,142589484
757,7 Minutoz,"12,600,000","3,916,931,694",511,Music,2012,58198117,5666564,13119639
758,TKOR,"12,600,000","3,337,753,407","1,430",Education,2010,3728035191,296820570,367306333
759,BIBO와 장난감,"12,600,000","2,875,252,577",152,Entertainment,2016,2752268275,270299742,248014133
760,Veritasium,"12,600,000","1,795,358,843",336,Education,2010,849497038,45031039,163866303
761,Goldmines Premiere,"12,600,000","1,629,550,071",530,Entertainment,2013,1226328386,71008310,259624977
762,SAAIHALILINTAR,"12,600,000","1,104,329,570",405,Entertainment,2012,116287795,2924675,12164387
763,Health Time,"12,600,000","978,876,224","1,604",Howto & Style,2016,877797430,28284097,181999115
764,Ja Mill,"12,500,000","1,302,818,088",567,People & Blogs,2016,1576977374,134783356,277457604
765,JesseAndMike,"12,500,000","9,102,860,878",630,Entertainment,2007,2142726111,90116006,170175067
766,Disney Junior,"12,500,000","11,451,399,743","3,261",Entertainment,2008,74776186,6312108,15878517
767,VexTrex,"12,500,000","7,198,667,373","3,133",Entertainment,2014,2042458849,150756410,207338990
768,Zee Bangla,"12,500,000","5,283,086,890","76,545",Entertainment,2008,517590785,13429091,51180236
769,Awakening Music,"12,500,000","4,944,109,812",709,Music,2006,830730366,46246903,121591352
770,Lokdhun Punjabi,"12,500,000","4,372,757,487","1,399",Music,2010,737934926,52367447,274026831
771,Parafernalha,"12,500,000","4,547,822,776","1,498",Entertainment,2011,628636300,19584126,134225970
772,Rebecca Zamolo,"12,500,000","4,747,533,461",856,Comedy,2011,2238991880,189781353,182854888
773,Juliana Baltar,"12,500,000","3,211,108,711","1,431",Entertainment,2010,525905908,31046586,54942619
774,StudyIQ IAS,"12,500,000","2,940,312,253","34,843",Education,2015,1850012640,46013115,134214584
775,gymvirtual,"12,500,000","2,352,844,574","1,414",Sports,2010,35798669,2236292,10330908
776,Knowledge Tv हिन्दी,"12,500,000","1,446,664,137","1,041",People & Blogs,2014,2285461497,228487281,225200640
777,キッズライン♡Kids Line,"12,400,000","10,743,601,694","5,581",People & Blogs,2011,2988839382,70378004,182854179
778,KOMPASTV,"12,400,000","9,025,460,804","225,232",News & Politics,2013,2409901246,201246331,288970346
779,Meghan Trainor,"12,400,000","7,312,991,342",89,People & Blogs,2008,745786356,21372603,77134802
780,Ajay Sharma,"12,400,000","9,181,398,526",607,Entertainment,2012,1766929663,142087559,118064207
781,Wolfoo Channel,"12,400,000","5,859,164,410","1,032",,2019,896082987,68202680,95506410
782,elliegoulding,"12,400,000","6,556,822,629",104,Music,2007,767966480,28448584,99695277
783,Sony Music South,"12,400,000","7,036,027,389","1,574",Music,2014,195373505,7682883,34939623
784,karameeshchannel,"12,400,000","8,199,848,915","2,122",Entertainment,2012,20116070,1635978,4008465
785,Melon City Show - برنامج ولاية بطيخ,"12,400,000","5,477,760,778","1,592",Comedy,2016,2090261459,107711373,190657529
786,DJ Khaled,"12,400,000","6,054,112,231",39,Music,2018,1611550634,122113029,187697510
787,Adexe & Nau,"12,400,000","4,440,271,314",529,Music,2013,1768685851,41243230,159384313
788,SR Toys Collection,"12,400,000","4,007,664,795",984,Entertainment,2012,1642755591,142476521,124454492
789,CaseyNeistat,"12,400,000","3,044,339,760","1,068",People & Blogs,2010,2717799847,201061812,326052541
790,Talking Angela,"12,400,000","3,284,897,861",204,Entertainment,2014,204741132,18759376,37183317
791,Jordan Matter,"12,400,000","3,368,183,197",355,Entertainment,2006,293096995,6422785,53932472
792,Kabita's Kitchen,"12,400,000","2,338,362,639","1,234",Howto & Style,2014,1065492199,67521631,180208930
793,LOUD,"12,400,000","2,305,594,041","1,126",Gaming,2019,195436269,12492452,16610605
794,Brawl Stars,"12,400,000","1,796,220,780",130,Gaming,2017,939635981,39287558,86005012
795,Piuzinho,"12,400,000","1,022,959,848",463,Gaming,2015,1442004044,73919979,115251545
796,People Vs Food,"12,400,000","959,616,512",384,Entertainment,2013,218311693,2929380,32392905
797,DisneyChannelUK,"12,300,000","11,606,288,094","3,238",Music,2007,133259671,10277972,13808968
798,Little Baby Bum en Español,"12,300,000","6,706,548,354","1,182",Education,2014,1309687293,77846533,120753562
799,JOJO TV - Hindi Stories,"12,300,000","4,679,118,911",925,Education,2016,1046267846,15899812,209960639
800,Troom Troom PT,"12,300,000","4,219,567,300","2,430",Howto & Style,2015,3400779613,242366864,357069713
801,Peppa Pig em Português Brasil - Canal Oficial,"12,300,000","3,807,810,342","1,066",Film & Animation,2014,911741510,47420028,139400605
802,Gibby :),"12,300,000","2,761,291,454",203,People & Blogs,2014,1679871269,22008855,328831308
803,Blockbuster Movies,"12,300,000","2,286,659,867",344,Entertainment,2016,218575561,21259685,24893914
804,Wolfoo Family,"12,200,000","5,770,890,911","1,101",,2019,308303047,29418305,36363212
805,Come Play With Me,"12,200,000","14,390,156,987",367,Entertainment,2014,2848999767,160003295,348213928
806,The Dodo,"12,200,000","7,908,428,418","6,993",Pets & Animals,2014,1148742967,21171927,96253213
807,Just For Laughs Gags,"12,200,000","7,856,644,944","6,411",Comedy,2007,1295155167,100913193,157390917
808,Think Music India,"12,200,000","8,959,285,840","3,931",Music,2009,944518998,51262634,152831781
809,ماشا و الدب,"12,200,000","6,201,317,137",751,Shows,2017,2212446467,82347861,194002027
810,Troom Troom India,"12,200,000","6,308,397,105","2,070",Howto & Style,2015,1350888515,73255490,126661052
811,HZHtube Kids Fun,"12,200,000","3,956,552,948",674,Entertainment,2015,1081886020,61689111,157877468
812,Its JoJo Siwa,"12,200,000","3,817,813,233",707,Entertainment,2015,1021985756,61977358,144952872
813,My Mate Nate,"12,200,000","2,748,616,115",981,Comedy,2014,894869419,44484078,226572697
814,Bela Bagunça,"12,200,000","2,770,979,129",921,People & Blogs,2015,244214233,15756208,30453742
815,Mythpat,"12,200,000","2,590,550,091",322,Entertainment,2018,992645427,92004457,215906838
816,GMA News,"12,100,000","10,471,677,314","329,711",News & Politics,2007,1643552858,70022136,174185428
817,Future,"12,100,000","8,747,974,258",48,Music,2011,132795951,10001458,16030702
818,Codiscos,"12,100,000","9,823,385,812","6,967",Music,2007,2258784709,204421665,309759323
819,Jass Records,"12,100,000","5,294,095,545","4,241",Music,2014,1620034858,82683557,177340127
820,DeGoBooM,"12,100,000","4,732,355,492","3,062",Gaming,2014,2291889699,114390564,216446248
821,FIFA,"12,100,000","3,904,515,416","9,589",Sports,2006,703344279,45148041,75314294
822,Más SKabeche,"12,100,000","2,746,045,885",632,Travel & Events,2015,3438306858,217392481,222813420
823,Davie504,"12,100,000","2,329,241,574",793,Entertainment,2011,2144284575,177102983,159576458
824,Trakin Tech,"12,100,000","1,809,901,493","3,285",Science & Technology,2011,1304032209,68961793,254486425
825,ChrisBrownVEVO,"12,000,000","12,493,403,632",290,Music,2009,166867638,16628537,39718873
826,Migos ATL,"12,000,000","6,370,982,440",100,Music,2012,1933601276,29685499,246244495
827,Lana Del Rey,"12,000,000","5,676,001,571",40,Music,2011,544768155,5602998,103869118
828,DaniRep | +6 Vídeos Diarios De GTA 5 Online!,"12,000,000","6,447,519,975","10,858",Gaming,2012,877377078,59326349,140570014
829,Компот,"12,000,000","5,850,856,870","1,863",Gaming,2013,1204716733,44404825,198476538
830,Geo News,"12,000,000","5,358,131,096","153,929",News & Politics,2007,1614208249,51064533,148135532
831,NDTV,"12,000,000","4,510,236,068","126,906",Entertainment,2006,807565921,30744775,70411920
832,NORMAN FAIT DES VIDÉOS,"12,000,000","2,681,755,121",205,Comedy,2011,998515167,32995215,94686289
833,RaptorGamer,"12,000,000","2,522,809,876","1,207",People & Blogs,2016,2378135067,30371411,270189995
834,Panda,"12,000,000","2,004,584,036","1,408",,2018,2853225932,278012553,280185509
835,Narendra Modi,"12,000,000","2,265,382,511","17,104",News & Politics,2007,2255885647,67376748,374448911
836,Kylie Jenner,"12,000,000","753,341,022",148,People & Blogs,2015,2191170838,166666323,163345321
837,Troom Troom Indonesia,"11,900,000","5,012,830,809","1,568",People & Blogs,2019,309602146,24345154,81450296
838,Avril Lavigne,"11,900,000","5,636,275,144",140,Music,2005,1450202365,135787038,135898509
839,The Infographics Show,"11,900,000","4,349,105,305","3,445",Education,2011,1829067173,23319602,181988089
840,KaKa Kids TV - Nursery Rhymes Kids Animated Songs,"11,900,000","4,115,401,899",310,,2013,1350862497,119530190,157959461
841,Azhan5star,"11,900,000","6,371,101,819",365,Entertainment,2021,1337317558,76829370,256706483
842,CHHOTU KI MASTI,"11,900,000","4,064,045,560",106,Comedy,2018,1883842762,126083655,177707518
843,Yudist Ardhana,"11,900,000","3,925,624,169","2,126",Entertainment,2016,483689089,32891982,119001253
844,Vogue,"11,900,000","3,533,048,715","2,756",Entertainment,2008,439186056,36795799,68403044
845,Sonotek Bhakti,"11,900,000","3,661,572,976","7,428",Entertainment,2010,2075420414,83030636,217523573
846,BanderitaX,"11,900,000","3,347,502,658","1,474",Gaming,2013,1969949713,149666155,241813380
847,Lulu99,"11,900,000","2,140,151,369",496,Entertainment,2015,1407694448,81043826,185814105
848,Planet Earth INDIA,"11,900,000","1,722,795,279",630,People & Blogs,2011,1939324965,157871643,127904319
849,colinfurze,"11,900,000","1,472,027,354",350,Entertainment,2006,578549638,57362700,53603949
850,Ice Cream Rolls,"11,900,000","1,469,047,858","1,528",Entertainment,2011,721741630,20251053,58303350
851,Yair17,"11,900,000","1,248,384,511",962,Gaming,2014,607823927,60489651,118799404
852,CalvinHarrisVEVO,"11,800,000","13,615,089,843",173,Music,2009,1494971596,27033711,122004805
853,Rauw Alejandro,"11,800,000","9,232,920,975",114,Music,2014,1408853623,14382393,213599938
854,Jamuna TV,"11,800,000","9,144,058,244","84,071",News & Politics,2017,1616306143,22587190,106740207
855,MBC مصر,"11,800,000","7,784,893,932","40,608",Entertainment,2012,631616132,25744936,40722778
856,CNCO,"11,800,000","6,881,836,992",172,Music,2015,218821983,14652663,31431911
857,Kids TV India Hindi Nursery Rhymes,"11,800,000","5,473,328,070","1,185",Shows,2014,643229543,10428461,134222057
858,DANIEL EL TRAVIESO VIDEOS,"11,800,000","4,755,190,859",324,Comedy,2014,3541974900,37225884,280789904
859,Kluna Tik,"11,800,000","4,208,225,754",275,Entertainment,2014,3121888904,294513356,252045925
860,MrGear,"11,800,000","3,241,537,148",766,Science & Technology,2015,1172711927,98476604,298558167
861,E-MasterSensei,"11,800,000","3,235,532,845","1,151",Gaming,2016,667586863,55293873,88719929
862,Timba Vk,"11,800,000","2,538,254,830",890,Gaming,2012,1587074105,142198958,179206871
863,MORGENSHTERN,"11,800,000","2,085,751,416",131,Music,2013,288434842,21056633,66713974
864,WiederDude,"11,800,000","2,190,306,341",259,,2016,1401061174,27175503,87263135
865,TommyInnit,"11,800,000","1,590,238,217",289,Gaming,2015,1430373656,65681352,250148255
866,Tfue,"11,800,000","1,461,546,183",741,Gaming,2014,368214969,27646851,78496351
867,Bispo Bruno Leonardo,"11,800,000","1,882,150,122","3,439",Nonprofits & Activism,2016,2775811465,97792119,191438356
868,TsMadaan,"11,800,000","1,329,092,064","1,687",Howto & Style,2008,187277576,13458997,32613191
869,EU FICO LOKO,"11,800,000","1,190,135,430","1,605",Comedy,2010,1265869943,15449765,170386693
870,Technology Gyan,"11,800,000","920,996,435",924,Science & Technology,2015,94130589,3534825,23312346
871,Machinima,"11,700,000",0,0,Film & Animation,2006,486906520,28932827,119860925
872,Wave Music Bhakti,"11,700,000","4,770,280,667","19,108",Music,2011,1698052358,113579469,178391042
873,FFUNTV,"11,700,000","9,325,685,889",364,Gaming,2018,1395772450,86445296,197670808
874,Natti Natasha,"11,700,000","7,264,301,648",130,Music,2015,839568721,61118978,82927492
875,Netflix Jr.,"11,700,000","7,314,674,893","1,563",Education,2012,755187771,7965711,61667025
876,Nat and Essie,"11,700,000","6,890,942,780",959,Film & Animation,2015,1016905166,19407338,76295225
877,Mor Haryanvi,"11,700,000","5,768,686,721",402,Music,2015,302280304,26662628,49846694
878,Luan Santana,"11,700,000","4,908,116,204",371,Music,2009,1493567328,106577048,270818787
879,Koo Koo TV - Hindi,"11,700,000","4,265,761,191",927,Education,2017,2945488625,59392384,237303305
880,123 GO!,"11,700,000","4,356,636,895",377,People & Blogs,2019,1565228522,134275788,187818966
881,Naz | ناز,"11,700,000","2,002,897,892",917,People & Blogs,2016,2103910536,66906058,229489457
882,Rubius Z,"11,700,000","1,828,200,652",429,Comedy,2006,586961333,31134418,115846433
883,emma chamberlain,"11,700,000","1,531,833,342",283,Entertainment,2016,1751629185,40406032,248793512
884,Dani Russo Tv,"11,700,000","602,060,711",280,Comedy,2014,2459949240,181814614,219745951
885,FrontaL Gaming,"11,700,000","255,073,454",108,Gaming,2015,3027135117,211950610,216656364
886,eltrece,"11,600,000","11,106,097,841","149,786",Entertainment,2014,325069813,9427064,30462681
887,Alan Chikin Chow,"11,600,000","11,876,297,990",508,Comedy,2020,2693467092,236233410,250212683
888,Луномосик,"11,600,000","5,052,785,110",460,People & Blogs,2015,2912706586,134326868,351751628
889,Akon,"11,600,000","5,289,951,047",37,Music,2005,296365092,10765864,69444351
890,Halsey,"11,600,000","4,412,088,740",51,Music,2014,2154831012,51090317,242686816
891,Republic Bharat,"11,600,000","5,041,539,626","49,789",News & Politics,2019,1028132748,34910371,160738694
892,SBT,"11,600,000","3,375,080,065","25,710",Comedy,2008,1055786316,12650878,150252069
893,办公室小野 Ms Yeah,"11,600,000","3,339,092,378",351,People & Blogs,2017,2738951418,171165768,243893927
894,Morgz,"11,600,000","2,723,781,007",735,Gaming,2014,1664050045,142776770,246117607
895,First We Feast,"11,600,000","2,485,814,338",819,Howto & Style,2014,1479455717,87891860,220989785
896,P!NK,"11,500,000","7,211,913,487",13,Music,2006,1142658432,33976556,165852313
897,YoungBoy Never Broke Again,"11,500,000","11,015,842,469",475,Entertainment,2015,977913026,12742427,158589912
898,TV9 Bharatvarsh,"11,500,000","7,314,674,032","193,940",People & Blogs,2018,1587557020,46541657,286157630
899,Wassabi,"11,500,000","4,592,238,139","1,119",Entertainment,2006,662720401,31446698,138431250
900,Luli Pampín,"11,500,000","6,102,648,062",225,Music,2012,1217092494,95377488,133962513
901,Duo Tiempo De Sol,"11,500,000","5,733,616,887",278,Music,2013,151384049,4073117,29382240
902,Wild 'N Out,"11,500,000","4,418,589,089","1,267",Entertainment,2006,227007600,16975907,26529901
903,LipaoGamer,"11,500,000","3,837,227,706","10,901",Gaming,2011,450101687,39619756,92313936
904,Make Joke Of,"11,500,000","1,832,620,830",42,Comedy,2017,95733228,4868534,24445006
905,Garena Free Fire LATAM,"11,500,000","1,587,661,793","1,425",People & Blogs,2018,364817175,30618696,48448726
906,Hero Movies 2022,"11,500,000","1,418,615,214",329,People & Blogs,2017,2370297572,142026242,293606134
907,YtCrash,"11,400,000","3,825,084",1,Education,2015,1951989767,131443429,190140150
908,infobells - Kannada,"11,400,000","5,209,512,047",353,Education,2014,2193764605,125845441,294455300
909,Black Eyed Peas,"11,400,000","9,492,696,997",39,Music,2007,157271060,8128640,25742966
910,Annoying Orange,"11,400,000","7,893,769,128","1,861",Shows,2010,35271935,1097620,4225441
911,웃웃TwinsFromRussia,"11,400,000","7,802,486,828","3,589",People & Blogs,2011,438451943,16348761,153710163
912,Biper y sus Amigos,"11,400,000","4,991,697,738",119,Music,2012,516606474,18648104,79619472
913,Vy Qwaint,"11,400,000","5,409,544,753",528,Howto & Style,2014,2390652273,145103039,243845706
914,Маша та Ведмідь,"11,400,000","4,942,306,057",994,Shows,2014,2781849329,57850872,309230233
915,MC Divertida,"11,400,000","4,440,911,293",347,Entertainment,2018,108813446,10066468,20366758
916,BBC Earth,"11,400,000","4,069,124,046","2,248",Pets & Animals,2009,225699236,16895610,17762848
917,CrazyRussianHacker,"11,400,000","3,011,607,663","1,970",Science & Technology,2012,1931639912,89106755,229758054
918,ExpCaseros,"11,400,000","2,515,501,575","1,023",Howto & Style,2012,857521871,20817349,185303967
919,الجانب المُشرق | Bright Side Arabic,"11,400,000","1,605,101,022","5,063",Howto & Style,2018,2207344091,197290859,265771583
920,MyLifeAsEva,"11,400,000","1,534,278,655",326,Comedy,2011,1321744614,111211628,128176695
921,GoldminesAction,"11,400,000","1,069,320,125",529,Film & Animation,2015,1742530059,130611235,192710773
922,Free Fire India Official,"11,300,000","1,389,660,530","1,117",People & Blogs,2018,459650757,15830020,81794221
923,Colors Rishtey,"11,300,000","8,954,781,989","13,423",Entertainment,2013,1373607632,63488415,168940613
924,Yoeslan,"11,300,000","8,789,109,127",240,Entertainment,2020,1547253048,29780509,202812085
925,POCOYÓ en ESPAÑOL - Canal Oficial,"11,300,000","8,388,840,225","1,538",Film & Animation,2007,1661675607,44887769,220157560
926,Lil Wayne,"11,300,000","5,335,786,775",254,Music,2013,2771183766,223001307,232423259
927,elcarteldesantatv,"11,300,000","6,261,374,873",313,Music,2008,1484300183,110362890,188730949
928,Star Casablanca | نجوم الدار البيضاء,"11,300,000","5,129,031,730",998,Music,2015,69361256,4398455,18844990
929,UnspeakableGaming,"11,300,000","4,826,278,522","2,444",Gaming,2012,523674787,47453003,58058777
930,Maymo,"11,300,000","4,918,241,216",486,Pets & Animals,2006,1015737236,63477469,179560649
931,Simone e Simaria,"11,300,000","4,474,548,691",224,Music,2012,1219562435,63450321,125892167
932,Single Track Studio,"11,300,000","4,462,580,470","1,719",Entertainment,2010,2100672541,85357398,249709647
933,CaptainSparklez,"11,300,000","3,924,274,232","5,501",Gaming,2010,432889415,40968812,67908179
934,Tiana,"11,300,000","3,176,486,598",997,Entertainment,2015,1646677689,28725290,270212572
935,Quantum Tech HD,"11,300,000","3,594,122,308",392,Science & Technology,2015,1035876474,97144354,251171031
936,Ya - Alisa,"11,300,000","2,127,059,635",332,People & Blogs,2015,1115738971,94173188,270730564
937,Jaiden Animations,"11,300,000","2,116,631,957",101,Film & Animation,2014,465238554,10092742,76537268
938,Ben Azelart,"11,300,000","2,294,003,189",236,Film & Animation,2014,1878603041,114310350,290653830
939,Yoga With Adriene,"11,300,000","1,188,547,722",649,Howto & Style,2012,2812236770,247446796,198074161
940,The Viral Fever,"11,200,000","1,656,301,737",433,Entertainment,2011,1125003944,69145920,191392169
941,Lofi Girl,"11,200,000","1,311,726,533",328,Music,2015,1830390391,167751589,205427632
942,Marta and Rustam,"11,200,000","12,481,668,186",390,Comedy,2021,1146587965,108775130,111034192
943,ChainsmokersVEVO,"11,200,000","11,415,809,929",231,Music,2012,68446190,3286416,16951434
944,"せんももあいしーCh Sen, Momo, Ai & Shii","11,200,000","7,625,038,147","3,216",People & Blogs,2006,1693958413,74463412,136890923
945,AlArabiya العربية,"11,200,000","5,892,643,162","129,135",People & Blogs,2006,105919453,9984910,11887094
946,DemiLovatoVEVO,"11,200,000","5,543,363,992",201,Music,2009,687868895,48675395,74865978
947,Cut,"11,200,000","4,846,700,433","1,738",Entertainment,2014,923191149,18871911,202925267
948,Toys Make Me Smile,"11,200,000","4,562,854,224",102,Entertainment,2015,1157179975,15976324,170350000
949,Franco Escamilla,"11,200,000","3,344,578,049","2,053",Comedy,2007,1312011511,79792098,132835834
950,Avocado Couple I Crazy Comics,"11,200,000","3,138,496,496",660,Film & Animation,2018,1133419886,106218883,94121486
951,Fortnite,"11,200,000","2,123,231,155",792,Gaming,2014,766659407,65919202,199946648
952,luzugames,"11,200,000","1,978,138,747","2,882",Gaming,2013,1877355056,132966107,264219365
953,Magic Five,"11,200,000","1,753,589,438",405,Entertainment,2016,1334731946,30058732,108228462
954,El Rincón De Giorgio,"11,200,000","1,543,663,972",551,Entertainment,2013,1596424754,52491762,168494819
955,Pastor Antônio Júnior,"11,200,000","1,646,248,092","3,624",People & Blogs,2013,1444687829,128282515,183588587
956,CarryisLive,"11,200,000","1,371,995,657",893,Gaming,2017,1071528679,28344774,207036963
957,MaJa Tv Moral Stories Fairy Tales,"11,100,000","4,132,213,251",449,Entertainment,2017,3608382007,126508237,359440971
958,FunToys Collector Disney Toys Review,"11,100,000","15,050,447,314","2,910",Entertainment,2011,897034507,19433408,330050086
959,DisneyJuniorUK,"11,100,000","12,321,708,693","2,799",Entertainment,2010,1659054807,117543603,170366462
960,Morphle TV,"11,100,000","7,586,526,902","1,126",Entertainment,2011,3004000837,285255135,351136886
961,Влад и Никита,"11,100,000","6,761,739,774",396,,2018,916413106,31347855,191357491
962,Chotoonz TV - Funny Cartoons for Kids,"11,100,000","7,015,448,647","1,797",Film & Animation,2013,1419890420,74951180,153633437
963,penguinz0,"11,100,000","5,768,785,195","3,952",Gaming,2007,1025404488,68794978,177337332
964,ToysPlay,"11,100,000","7,000,333,135",397,Entertainment,2015,934669509,93422051,189479931
965,Pari's Lifestyle,"11,100,000","6,680,703,649",356,People & Blogs,2018,1753018892,34065935,180553747
966,Comedy Central,"11,100,000","6,297,139,999","5,841",Comedy,2006,169134294,9280630,15564697
967,Diana and Roma IND,"11,100,000","4,802,776,148",446,,2019,170690541,7623177,21559476
968,Sky Does Everything,"11,100,000","3,823,868,578","2,101",Music,2011,216805966,19062407,26865196
969,BakLol Video,"11,100,000","3,250,851,179",257,Entertainment,2016,1079366531,57030592,253231671
970,Genius,"11,100,000","2,891,052,624","2,797",Music,2011,643103819,12854344,209981874
971,Mo Vlogs,"11,100,000","2,933,099,311","1,906",People & Blogs,2013,722878024,48503794,153688330
972,The Film Theorists,"11,100,000","2,242,892,562",355,Film & Animation,2014,763987578,60637889,157815250
973,bharatzkitchen HINDI,"11,100,000","1,903,304,025",626,Howto & Style,2016,1969443890,20205140,297235532
974,Mrwhosetheboss,"11,100,000","1,793,692,542","1,435",Science & Technology,2011,391637654,34192356,62397981
975,Acenix,"11,100,000","1,606,057,806",259,Gaming,2014,1919140605,51321792,336321984
976,HellomaphieMX,"11,100,000","1,584,174,173",382,Howto & Style,2013,666763785,39796625,88601292
977,Virgínia Fonseca,"11,100,000","1,246,793,263","1,047",People & Blogs,2016,2363055511,112060286,314293956
978,TV Shows,"11,000,000",0,0,,2012,579770735,43348787,43503494
979,Barbie,"11,000,000","3,703,938,514","2,411",Entertainment,2005,1560641212,67738922,289032934
980,Inside Edition,"11,000,000","19,367,966,533","27,156",News & Politics,2012,3128525129,276182087,248750551
981,Flowers Comedy,"11,000,000","9,521,653,019","8,840",Entertainment,2015,2183844962,165414621,216718561
982,Flamingo,"11,000,000","8,874,980,800","2,196",Gaming,2017,1145534223,78233326,186806489
983,Doja Cat,"11,000,000","5,459,891,400",25,Music,2018,2780647788,227072296,275461346
984,Tyga,"11,000,000","5,211,071,220",160,Music,2009,1498600818,116684166,148621326
985,Wolfoo's stories,"11,000,000","4,227,479,765",942,,2016,2048182359,27106629,283388527
986,Emily Tube,"11,000,000","4,040,393,626",770,Entertainment,2014,1026605166,46737321,182873755
987,ExplosmEntertainment,"11,000,000","3,685,664,468","1,048",Comedy,2009,1615360823,151476675,257682302
988,Coisa de Nerd,"11,000,000","3,419,435,728","1,962",Gaming,2009,845559126,18023248,140164614
989,Taylor RS,"11,000,000","3,306,502,621","1,845",Gaming,2016,1391784563,106247009,188996406
990,unknown boy varun,"11,000,000","3,263,285,883",193,Music,2016,1144180210,111801581,102676122
991,Viih Tube,"11,000,000","886,497,694",505,People & Blogs,2013,2312953451,33995504,214607718
992,OYUNCAKOYNUYORUM,"10,900,000","9,948,474,904",791,Entertainment,2016,540744167,38607754,63250820
993,Brancoala,"10,900,000","7,934,725,886","1,685",Entertainment,2008,3065417104,159812065,347987205
994,핑크퐁 (인기 동요・동화),"10,900,000","6,663,450,148","2,726",Education,2014,667887601,41493033,180450972
995,OGGY,"10,900,000","5,589,104,660",920,Film & Animation,2014,811135745,14341464,125960652
996,JP Plays,"10,900,000","4,609,300,218","3,528",Gaming,2014,1019152790,14136286,113829944
997,TrapMusicHDTV,"10,900,000","4,070,521,973",690,Music,2013,1360701981,95273630,238735049
998,Games EduUu,"10,900,000","3,093,784,767","1,006",Gaming,2011,978312454,82273972,302038706
999,Hueva,"10,900,000","3,040,301,750",831,Gaming,2012,173635585,13957067,30413683
1000,Dobre Brothers,"10,900,000","2,808,411,693",590,People & Blogs,2017,172404871,10161976,23731832
